video_id,video_title,upload_date,length,view_count,like_count,comment_count
iHrXox5SiuU,"[빼빼가족 모음] 중고버스 ‘무탈이’를 타고, 5만여 km 유라시아 대륙을 횡단했다! '빼빼 가족의 유라시아 횡단' (KBS 2013 방송)",2023-04-30,106,7302,152,4
DJJuXyM3a5Y,가족과 이웃이 고인에게 보내는 이 세상에서의 마지막 선물. 섬마을 꽃상여에 담긴 애틋한 이야기를 담아본다. (KBS 20180324 방송),2023-04-29,48,127142,1397,91
ek0eifJFptQ,"인간을 넘어서는 포스트 휴먼, 누구인가? [다큐ON-Docu ON] | KBS 230428 방송",2023-04-28,9,640,13,0
cQ0dxQZ4ptI,"인간의 삶을 위한 로봇기술, 삶의 전반에 퍼져가다  [다큐ON-Docu ON] | KBS 230428 방송",2023-04-28,9,373,4,0
8GwC4Mt3srM,인간을 이해하기 위한 로봇 제작! [다큐ON-Docu ON] | KBS 230428 방송,2023-04-28,10,294,6,0
OzvD7zstXNA,삼성 반도체 공장을 미국에 짓는다? 우리에겐 위기일까 기회일까ㅣ KBS 다큐인사이트 - 아메리칸팩토리 230427 방송,2023-04-28,47,65158,1028,248
rUhFjZKuTE4,[다큐3일★풀버전] 부모님의 신혼여행지였던 제주도에서 결혼생활의 첫발~ 사랑하는 사람과의 ‘동행’을 하는 새내기 신혼부부들! (KBS 20210404 방송),2023-04-28,46,9226,100,17
TSqYTN8s8KY,[다큐온] 실력있는 래퍼! 인생 이야기를 쓰는 시인! 새로운 도전 앞에서 설렘~ 70대 노인의 아름다운 도전! (KBS 20230421 방송),2023-04-28,47,1845,29,3
M27Ox9DlM6E,"""이 배에 150조원 상당의 금괴가 실려있다!"" 울릉도 주민들에겐 입에서 입으로 전설처럼 내려오던 얘기.. 돈스코이호 금괴의 비밀 (KBS 20010422 방송)",2023-04-27,57,13876,152,9
BDwhevIa_zM,[한국인의밥상★풀버전] 하얀 알을 품고 있는 봄철 주꾸미. 타우린과 철분 함유량이 풍부해 간의 해독기능을 돕는 서천의 주꾸미 밥상을 찾아가본다 (KBS 20110428 방송),2023-04-27,51,15835,210,11
-SzwcQbvtQg,"한해가 저물고 해로운 해가 시작될 무렵이면 수많은 이들이 찾아오는 해돋이 명소, 강릉으로 떠나본다 (KBS 20130105 방송)",2023-04-27,57,3617,72,7
jqxneslqt-I,"[다큐온_예고] 포스트 휴먼, 나는 누구인가? [다큐ON-Docu ON] | KBS 방송",2023-04-27,57,571,4,2
u4fXAdaIDKM,바다 내음 가득한 다시마 전복 돼지 삼합🦪🥩 | KBS 한국인의 밥상 220413 방송,2023-04-27,57,9338,97,5
l_x17IkrveA,"차마고도 일부구간이 아닌 운남성, 사천성, 티베트 라싸, 티베트 서부의 미 개방 지역, 히말라야, 네팔, 인도를 아우르는 5,000KM의 전국간 대장정 (KBS 070311 방송)",2023-04-26,56,24069,319,10
M1hRCbWVY2o,"전세계적으로 다양하게 활용되는 '드론' 완구류 부터 항공촬영, 전쟁, FPV를 통한 레이싱드론까지.. 아직까지도 발전에 발전을 거듭하는 드론의 세계 (KBS 20150806 방송)",2023-04-26,52,4973,39,3
xByMT0w3nAU,돈이라는 창에 비친 인간의 욕망. 돈을 따라 움직이는.. 세상만물의 가치를 재단했던 화폐 / [한국의 유산] 헤리티지 투모로우 - 상평통보 (KBS 20170717 방송),2023-04-26,5,2005,19,2
mitQkr_HO6M,"[한식의 마음] 이름난 집에는 이름난 인물도 있고, 이름난 술도 있다! 전통 명주, 경남 함양의 '솔송주' (KBS 20171231 방송)",2023-04-26,5,1858,43,4
1pUG26nIoKY,"롤 모델은 없어요. 제 좌우명처럼 도전해봅니다 ""길이 없다면 내가 먼저 간다!!"" l KBS 다큐 인사이트 - 애린 혹은 우령 230420 방송",2023-04-25,16,13315,282,47
XEIiFUkZi1g,전장연은 왜 지하철에서 시위를 할까? 장애인에게 '이동권'이란? ㅣ KBS 다큐 인사이트 애린 혹은 우령 230420 방송,2023-04-25,3,3217,66,0
ubjVikaKPaI,"원시시대로 GO GO! 제주도 최고의 황금어장, ‘지귀도’에 15명 해녀 할망들이 톳을 채취하러 들어간다!! (KBS 20130611 방송)",2023-04-25,38,48467,426,21
F1SJvnbPH6g,[한국인의밥상★풀버전] 산란을 앞두고 껍데기 가득 살을 꽉꽉 채운 조개! 봄바람을 타고 시작된 유혹! 봄조개에 빠져본다. (KBS 20180503 방송),2023-04-25,47,24097,271,62
xOqY5d_O0Fc,보련산 자락 자연 속에 억새를 엮어 ‘매월당’이라는 집을 짓고 김시습의 차 정신을 실천하며 사는 한 남자 | 자연의 철학자들 53부 오늘 맑고 향기롭게 (KBS 230421 방송),2023-04-24,47,20721,308,22
R3jqMsmTrmQ,"[한국인의 밥상] 아름다운 산과 호수를 지키며 사는 청풍호 어부들 한상 '내 마음의 호수, 봄날을 품다' (KBS 20230420 방송)",2023-04-24,12,7959,102,7
gnRfza7PF58,"[한국인의 밥상] 머위나물무침과 두릅미나리전까지 봄날이 내어준 선물 같은 한 상 '내 마음의 호수, 봄날을 품다' (KBS 20230420 방송)",2023-04-24,10,19187,95,4
6e3wo2cyIHU,"""내 틱도 마술같이 사라질까요?"" 뚜렛증후군(틱장애)을 겪는 사람들이 바라는 평범한 일상 l KBS 다큐인사이트 - 아임 뚜렛 210128 방송",2023-04-23,48,363451,3956,816
CvSxSLYhTCQ,"깨어나는 거인 '인도' 인도인들에게 민주주의는 과연 어떤 의미이며, 급격한 성장으로 인한 빈부격차와 불평등의 문제를 들여본다. (KBS 2006 방송)",2023-04-23,115,17230,190,30
NZ_Mqf2rBKE,오묘한 조합의 청국장 샐러드🥗 | KBS 한국인의 밥상 220316 방송,2023-03-30,115,4474,73,1
oNXEm6l43pE,"[전국다큐자랑] 할머니의 정원에서의 시간, 함께 구경하러 가보실까요? [제주총국 특집다큐 - 아흔 아홉, 행복한 정원사] (KBS 20210919 방송)",2023-03-08,47,123745,1514,63
iM8kNgQc9ms,깨끗하고 수려한 자연을 고스란히 간직한 태고의 멋과 아름다운 자연을 지닌 청정한 고장으로 떠나본다 (KBS 20121020 방송),2023-02-23,52,391207,4335,208
olqMxCMWiLc,"빈 살만 ""석유의 시대는 끝났다""  ㅣKBS 다큐 인사이트 - 그린 패러독스 l 230216 KBS1 방송",2023-02-21,10,221795,1571,469
4ialFFrUPgM,"‘이 겨울이 끝나면 돌아가야지...’라고 생각했지만 그녀는 여전히 곰배령에서 겨울을 나고 있다 | 자연의 철학자들 46부 곰배령, 눈꽃 내리면 (KBS 20230217 방송)",2023-02-20,47,756492,9752,365
CYQUj2femF4,1000년 전 세계 최대 규모의 대폭발을 한 백두산! 과연 백두산은 다시 폭발할 것인가? (KBS 20130426 방송),2023-02-16,47,1272099,11804,810
7b8S3Z4y9JM,"100년 전 기록해 둔 이승만 전 대통령의 연설 영상을 수집하기까지. 전 과정 공개ㅣ KBS 현대사 아카이브 프로젝트, 우리의 기억 l  230210 KBS1 방송",2023-02-15,11,168042,3309,893
1F9LWH0L47U,자원 불모지인 대한민국에 산유국의 꿈을 이루게 한 곳이 있다? ㅣ 자원 기술 개발의 숨은 스토리! 동해 고래 프로젝트  (KBS 20150709 방송),2023-02-14,48,384219,7040,203
WGvXCfH8kB0,"[다큐온 Eng c.c] 비행기로 여덟 시간, 화물차로 열 시간. 한국에서 101마리 젖소가 네팔에 가는 이유는? (KBS 20230127 방송)",2023-02-10,34,310368,6031,373
lw2f2GfhWnM,"전국에 '~길', ‘~리단길’이란 명칭. 소위 잘나가던 길들이 빨리 뜨고, 지게 된 것일까? (KBS 20190418 방송)",2023-02-09,52,562227,3702,926
BR8OYWqRdYk,"산중의 벗, 전화와 라디오. 네 칸짜리 굴피집에 사는 마지막 화전민의 산중 이야기 (KBS 20180113 방송)",2023-02-07,65,656021,5470,452
-bQf2zlKAKU,삼치에 대한 애정으로 수십 년째 거문도를 지키고 있는 어부들의 겨울 이야기~ (KBS 20181202 방송),2023-02-01,47,357751,2554,48
pggp_VGjfvA,한국 연주자에 대한 세계인들의 평가는 과연? | 마에스트로 -클래식의 발견 | KBS 다큐인사이트 230126 방송,2023-01-31,9,173817,1789,157
2PjcyL6k0pU,천연가스가 물과 결합해 생기는 고체 에너지원. 차세대 연료로 관심을 모으고 있는 해저 연료 메탄 하이드레이트를 찾아라! (KBS 20050723 방송),2023-01-31,56,266332,1972,129
XE6ebdEHgNo,"[다큐3일★풀버전] 안전하고 행복하게, 고속도로에 머무는 시간도 즐기는 귀성길~ 고향 가는 길, 설 연휴 경부고속도로 72시간 (KBS 20190210 방송)",2023-01-20,50,225630,1749,171
61QottPEeew,석유화학제품이 없으면 세계 경제가 마비될 정도! 과연 석유화학은 어떻게 미래를 준비하고 있을까? (KBS 20190830 방송),2023-01-07,46,123083,1367,48
gTP2XtSXMG0,"목포에서 뱃길로 4시간, 바람 때문에 여러모로 불편하긴 하지만 그만큼 자연의 혜택을 받고 살고 있다! 북서풍 부는 우이도의 이야기 (KBS 20200111 방송)",2023-01-02,47,386263,3838,121
C_6m8emYtgU,"전라남도 1,891개 섬중 사람이 사는 섬은 402개! 섬이 많은 지역 '다도해'의 아름다운 풍경과 그 속에서 살아가는 섬사람들의 이야기  (KBS 20190101 방송)",2023-01-01,54,231935,2224,63
6WVeaLwX9UM,"세월이 빚어놓은 땅, 육지의 비밀의 섬, 방우리 사람들의 살맛나는 이야기 (KBS 20191201 방송)",2022-12-28,47,110999,1288,30
9tFaiOBS51I,검은 광맥의 빗장을 열어라! 대한민국 사상 최초로 해외 자원개발에 성공한 파시르 프로젝트팀!  (KBS 20040109 방송),2022-12-28,43,247554,4381,113
tYCOi4h-OYU,[다큐3일★풀버전] 콘크리트 성에서 흘러나오는 음악 자락~ 음악과 얽히고 설킨 다양한 사람들이 있는 ‘낙원’에서의 3일 (KBS 20081213 방송),2022-12-23,47,214976,2775,344
fHJ-Nc2X758,대한민국에 인간이 만든 235개의 산이 있다. 폐플라스틱 더미가 쌓여 만들어진 일명 ‘쓰레기 산’ (KBS 20190711 방송),2022-12-21,53,2255348,17440,5345
9rIxnsSupPw,24km구간에 119만 톤의 물을 공급하는 3500여명의 사막의 불사조들~ 인간한계에 도전한다! (KBS 20031121 방송),2022-12-21,43,1354369,14317,795
OD9qaJbv0sE,"서기 668년, 삼국을 통일한 신라. 천년고도 경주의 도시 건설 과정, 천 년 왕국 신라 / 황금기사의 성 1부 달의 도시 (KBS 20170303 방송)",2022-12-18,49,143396,1832,479
SAsxIoaPE6U,"천년 전, 군산 십이동파도 해역에서 침몰했던 청자수송선. 고려 청자 8천여점이 잠든 보물선을 인양하라! (KBS 20040806 방송)",2022-12-14,43,226099,3002,38
8w7WHUhfXKU,"유쾌하고 처연한 백두산 아래 첫 동네, 내두산 마을 사람들의 겨우살이와 봄맞이를 만나본다. (KBS 20190526 방송)",2022-12-06,46,322027,4067,150
MALhWpr4S-o,"2,300년 전, 고대 그리스에서 태어난 한 젊은이가 유라시아 대륙을 향해 달려나간다. / 유라시아 로드 1부 - 알렉산더 대왕 (KBS 20040413 방송)",2022-12-03,51,167351,2029,71
0MmDNy09nIs,"제 몫을 다 하고, 더는 바라지도 요구치도 않는 빈 지게처럼 인생은 허허로운 것.. 육잠 스님의 삶 | 자연의 철학자들 35부 빈 지게처럼 허허롭게 (KBS 20221125 방송)",2022-11-28,29,445036,7782,409
u5tsX46Oh6Q,육지 속의 섬과 같은 용강리에서 행복을 지키며 살고 있는 사람들.그들의 행복한 모습은 어떤 것일까? (KBS 20180106 방송),2022-11-24,47,302178,2963,58
vzmBFEPHtw8,"사는 곳은 어딘지, 오늘은 며칠인지, 가족이 누군지도 잊어버린다면? 가족이 치매 판정을 받는다면 어떤 심정일까? (KBS 20171202 방송)",2022-11-16,48,310095,4210,159
iX6abSLttd8,"사람의 시선을 압도하는 백두산! 백두산의 자연과 생태, 그리고 대자연이 빚어내는 배경을 만난다! (KBS 20150219 방송)",2022-11-13,48,200581,3063,133
wn7QF6UXfbk,[명작 다큐 몰아보기] 부국은 어떻게 만들어지고 왜 실패하고 몰락하는지 또 어떻게 부국을 창조하고 번영을 지속할 것인가? 경제대기획 '부국의 조건' (KBS 2014 방송),2022-11-12,142,538151,5215,560
N3UxzBg_XEU,"총연장 14.5km, 해상 구간 교량 길이만 8.5km에 달하는 세계적인 관광명소인 페낭섬을 연결하는 페낭대교를 건설하라 (KBS 20041217 방송)",2022-11-02,44,175100,3629,65
2qmjZuGhbKA,[명작 다큐 몰아보기] 아룸다울 뿐만 아니라 좋은 일이 일어날 것만 같은 섬! 한 번 그 매력에 빠지면 누구라도 발길을 돌리지 못합니다 (KBS 2017 방송),2022-10-29,289,687665,6650,91
0VWwiYsFAAk,[다큐3일★풀버전] 영주댐 건설로 인해 영원히 물 속에 잠긴 ‘작은 하회마을’ 금광리 2012년 고향에서의 마지막 가을을 보내고 있는 금광리의 3일 (KBS 20121028 방송),2022-10-28,42,253470,2578,91
WI1hNbBilw4,"200여 개의 석회암 동굴, 온달과 평강공주의 사랑이야기, 아름다운 마을과 사람들까지 마음을 붙잡는 사연이 가득한 단양으로 떠나본다 ㅣ 한국 재발견 (KBS 20120609 방송)",2022-10-27,57,142795,1502,41
L0Uirc0C6og,높이 177m! 산을 깎아 댐을 쌓아라! 위기와 역경을 이겨낸 기적의 현장 이란 카룬댐 건설 프로젝트 (KBS 20041210 방송),2022-10-26,44,358844,4197,78
F4ynKaDXaUM,[다큐온] 생생한 전쟁 기록의 발굴. 모든 비무장지대에 잠들어 있는 전우를 찾을 때까지! 백마고지 유해발굴 작전 (KBS 20221016 방송),2022-10-21,30,1102168,10416,1908
x_yxrWd17SI,나도 부읽남 정태익처럼 50살 되기 전에 100억 모을 수 있을까ㅣ KBS 다큐 인사이트 - 영 앤 리치 221013 방송,2022-10-18,27,452565,6910,1038
njITnB9-q54,"산업의 비타민, 17종의 희귀 금속 원소, '희토류' 확보 전쟁! 중국의 패권을 무너트릴 수 있을까? (KBS 20110911 방송)",2022-10-17,57,370787,4416,200
jqZpuJZn-lk,"일본 관측사상 최대로 나타난 규모9.0의 거대 지진! 발생100일 후,새롭게 밝혀진 일본 대지진의 정체는 무엇인가?! (KBS 20110619 방송)",2022-10-16,56,673201,6298,554
sD4-hY5IRzY,"[명작 다큐 몰아보기] ""요리는 아마도 인간이 이룩한 가장 위대한 발견이다"" 글로벌 대기획 '요리인류 (Food Odyssey)' (KBS 2014 방송)",2022-10-15,142,191922,1914,50
u0jsivJIv64,"❗️지상 최대의 과제, 최대사거리 40km를 달성하라! 세계 화포 개발 역사에 새로운 장을 열게 된 신형 K-9 자주포! (KBS 20040227 방송)",2022-10-12,45,578934,6080,310
i7vsxFQnstQ,한국어에 대한 사랑으로 세계 50여국의 세종학당에서 한국어를 배우고 있는 외국인들. 해외에서 높아진 한국어의 위상! (KBS 20161009 방송),2022-10-09,48,536626,8083,422
hn5gRJjLzec,[다큐3일★풀버전] 재개발구역이었던 곳을 사람들이 찾아오는 ‘산새마을’로 바꾼 사람들. 마음이 뜨끈해지는 고향마을 사람들의 72시간 (KBS 20131117 방송),2022-10-07,42,206535,2325,92
7amS9ciJZyM,"설악산과 금강산 사이에 위치해 아름다운 풍광을 자랑하는, 실향민과 원주민들이 바다를 터전으로 살아가고 있는 강원도 고성으로 떠나본다 ㅣ 한국 재발견 (KBS 20120519 방송)",2022-10-06,56,244631,2427,82
z4xSP5wDvFQ,"에콰도르의 라론증후군 환자들부터 단식, 항암 바이러스, 유전자와 단백질 등 전혀 새로운 패러다임의 암 치료법까지. 암의 종말은 가능한 것일까? (KBS 20120617 방송)",2022-09-25,56,337607,2851,219
P6XuNif9uUs,"태평양 주변 국가를 중심으로 전 세계 지진의 80%, 화산의 75%가 모여 있는 지진과 화산 활동이 활발한 세계 최대의 화산대 '불의 고리' (KBS 20160422 방송)",2022-09-22,52,1289096,9898,644
Pi_GRLWchw0,"미국을 발칵 뒤집어놓은 향기 스캔들, 일명 ‘팝콘폐’ 사건! 향기가 사람을 공격한다! (KBS 20121028 방송)",2022-09-21,57,885620,14394,1566
tGw7mBBBeAE,전 국토를 접수한 주거양식 아. 파. 트. 예나 지금이나 계속되는 내 집 마련의 꿈. 대한민국이 언제부터 아파트에 살았나? (KBS 20130324 방송),2022-09-18,57,234901,2918,460
lcobSQ_fopo,[다큐 몰아보기] 지도를 가진 자가 더 넓은 땅을 차지 한다. 세계지도에 숨겨진 문명 교류의 비밀 (KBS 방송),2022-09-03,227,720920,3898,151
ElMa6FIio6U,"[한국인의밥상★풀버전] 때로는 시원한 국물로, 때로는 곰삭은 맛으로, 또 다른 음식을 빛나게 해 주는 감칠맛으로, 우리 밥상의 명품 조연 멸치! (KBS 20120517 방송)",2022-08-30,51,192720,1513,88
98gWMW7bu7E,"우리는 언제부터 멸치육수를 즐겨먹었나? 한국인은 왜 쇠고기 국물을 좋아할까? 감칠맛 전쟁, 미원 VS 미풍! 국물전쟁 100년사 (KBS 20110424 방송)",2022-08-30,56,541689,5670,822
8ytPmyCEND0,‘늙어서는 일단 마음을 한 번 돌려라. 이렇게 해라 저렇게 해라 명령하고 충고하는 것을 포기하고.‘ 나에게 찾아온 늙음을 흔쾌히 맞이하는 법 (KBS 20170518 방송),2022-08-28,51,338709,4757,147
5HLRY5n_uBk,"[다큐 몰아보기] 갖은 역경을 이기고 러시아 모스크바, 연해주, 중앙아시아 등 유라시아대륙 20여 개국에 사는 고려인, 카레이츠, 카레이스키 (KBS 방송)",2022-08-27,145,898204,10589,657
kJmv3nVGj3s,대한민국 최초 항공기 부활호부터 군 항공기 T-50까지! 이카로스의 도전 500조원 시장을 잡아라 (KBS 20141116 방송),2022-08-22,46,238008,2010,58
NombMGNc-74,준비되지 않은 권고퇴직에 흔들린 일본. ‘노후난민’이라는 신조어까지 등장! 일본의 해법은? (KBS 20131115 방송),2022-08-21,48,1919532,18257,2849
bPVAi1rSVaM,"[다큐 몰아보기] 대초원-타이가-강-바다로 이어지는 무대, 인미답의 영역, 동아시아 생명대탐사 아무르 (KBS 방송)",2022-08-20,168,1858522,11939,258
-DLnv19EBr0,🎯 원샷 원킬!! 잠수함 잡는 최첨단 수중 유도 무기 경어뢰를 독자개발하라! (KBS 20050715 방송),2022-08-17,43,257460,3370,100
Op3aCp49Z-k,"빚으로 공부 하고, 빚을내 일하고, 빚으로 집을 사고 생활한다. 이대로 괜찮은 걸까? (KBS 20131011 방송)",2022-08-10,47,588012,8110,1685
aEgnVp6WF0w,절벽에서 채취한 소금을 싣고 험준한 산맥을 넘어야 한다! 티벳 소금계곡의 마지막 마방 (KBS 20050122 방송),2022-08-08,57,379986,2996,44
GAH0gLEKY9U,"[다큐 몰아보기] 인간과 물고기의 대서사시 ""글로벌대기획 4부작 슈퍼피쉬"" | 1. 10만년의여정 2.위대한비린내 3.스시오디세이 4.금요일의물고기 (KBS 방송)",2022-08-06,214,238808,2911,85
nBaSVweIhPM,"[다큐3일★풀버전] 푸른 바다의 '싱싱함'이 이곳에 모인다! 동해안 최대 어시장 ""경북 포항 죽도어시장"" 72시간~ (KBS 20170813 방송)",2022-08-05,49,384603,2853,109
7UnwImAvJMU,"글로벌 불황기에도 ✈️성장하는 산업은 있다! 미국 보잉, 프랑스 에어버스 등 첨단 항공우주산업의 현장 | ""미래를 여는 열쇠, 항공우주산업"" (KBS 20170202 방송)",2022-08-05,46,171952,1981,142
IK-Qjuv6jZ0,"[다큐온] 민족의 상징 🐅호랑이! 100년 사이 한국 호랑이에게 무슨 일이 있었던 것일까? | ""호랑이는 살아있다"" (KBS 20220729 방송)",2022-08-05,32,548023,6140,735
qLuSwmDmsPs,1592년 7월 8일 한산도 앞바다에 학의 날개가 펼쳐졌다! ‘한국의 살라미스 해전’이라 평가받는 한산대첩 대분석! (KBS 20110428 방송),2022-08-04,42,210292,2061,188
4VSFCbGGbh0,"무량수전의 기품과 풍기 인삼의 진한 향을 품은 곳, 경북 영주 여행 ㅣ 한국 재발견 (KBS 20120310 방송)",2022-08-04,57,230834,1751,51
bz3ujEqvQWc,15년에 걸친 '국가 대동맥' 교체 프로젝트! 765kV 초고압 송전망을 구축하라!  (KBS 20050311 방송),2022-08-03,43,169726,2054,119
SYOmFA7wqe4,"세계에서 가장 빠르게 늙어가고 있는 대한민국! 성공적인 제2인생설계는 어떻게 해야 할까? | ""두 번째 인생, 배움에서 길을 찾다"" (KBS 20151128 방송)",2022-08-03,46,233539,3466,68
WF8x3Ri2LHw,[다큐인사이트] 대한민국 최초 달궤도선 다누리 발사! 🌖전세계가 달에 주목하는 이유는?  (KBS  20220728 방송),2022-08-02,47,261157,2210,133
fN10UqOQVt4,감나무밭 작은 컨테이너의 이름은 심심산방! 이보다 더 '심심'할 수 없는 선희씨의 숲속 라이프~ | 자연의 철학자들 19부 '내 마음에 꽃이 피었습니다' (KBS 20220729),2022-08-01,34,592364,7452,309
mrOjuWG0U6o,[다큐 몰아보기] DMZ 4부작 - 1.끝나지 않은 전쟁 2.자연생태계 3.민통선 개척민 4.두 얼굴의 DMZ (KBS 방송),2022-07-30,190,1766600,12329,1059
FOeS7mJJ5sY,[다큐3일★풀버전] 두 바퀴로 만나는 세상 - 제주 환상 자전거길 234km (KBS 20170702 방송),2022-07-29,48,237370,1990,145
bckHzYDKUoE,"""밥값 반이라도 하자"" 밥값 할 궁리를 하며 사는 농대 교수 채상헌의 시골 철학 | 자연의 철학자들 18부 '밥값 했는가' (KBS 20220722 방송)",2022-07-25,32,153790,2232,91
8MugD6Cwhl8,"서울대 공대 교수 25명의 성찰 메시지. 위기의 시대, 'NEW 메이드 인 코리아를 위하여' ｜축적의 시간 2부작 ① 착각의 시간 (KBS 20170304 방송)",2022-07-24,53,131599,2813,223
eb03hw09wew,무(無)에서 유(有)를 창조하다! 대우건설의 라오스 후웨이호댐 수력발전 프로젝트 (KBS 20040730 방송),2022-07-20,44,483184,7189,165
Qi6dVLBAa-g,“나는 한 권의 책으로부터 왔다”  책 속의 무엇이 1% 천재들을 만들었나?  (KBS 20111116 방송),2022-07-18,42,936800,17816,679
-cc99hlPthk,"작은 옹달샘, 풀을 뽑지 않는 정원. '시크릿 가든'에 초대합니다  | 자연의 철학자들 17부 '나의 비밀 정원' (KBS 20220715 방송)",2022-07-18,31,338016,4820,201
xE1v4tQTPFI,"[다큐 몰아보기] 과학이 아무리 발달해도 여전히 풀리지 않는 인류 최대의 호기심, UFO그리고 외계생명체! (KBS 2013 방송)",2022-07-17,115,3996093,23349,2255
QCTQeL7aVug,"[한국인의 밥상] 복날의 시작 초복(初伏). 닭백숙부터 제철맞은 민어, 여름 보양식 밥상까지 복날밥상 총출동! (KBS 방송)",2022-07-16,296,131708,1410,36
q_heDIdhkuc,[한국인의밥상★풀버전] 🍜후루룩 소리만으로도 끊을 수 없는 매력 | “국수의 힘! 여름을 이긴다” (KBS 20130704 방송),2022-07-07,51,250800,2175,134
utlRrigdi4I,[명작 다큐 몰아보기] 해양쓰레기와 무분별한 포획. 인간의 욕심이 바다를 위협하고 있다. 바다가 보내는 긴급 SOS! (KBS 2012 방송),2022-07-03,138,581719,2382,338
qgaNrDkqdyY,"고행하는 자세로 미라가 된 수도자. '치유의 기적'을 체험한 사람들, 정말 '기도' 때문일까? 최고 석학들이 밝히는 믿음의 실체는? (KBS 20140411 방송)",2022-07-02,48,529358,8043,648
b0tV7SkD95s,“나는 천국을 보았다” 하버드 신경외과 의사는 뇌사상태에서 무엇을 경험한 걸까. 부처님의 환생자라 불리는 세 살 ‘린포체’ 취재기. 사람들이 신을 믿는 이유? KBS140404방송,2022-07-02,47,683143,13256,1193
DG-jgl3STAs,"526개의 섬, 충무공과 찬란한 예술을 품은 경남 통영으로의 초대ㅣ한국 재발견 '다도해의 심장, 통영’ (KBS 20120128 방송)",2022-06-30,55,156707,1234,61
BiU92Xa4Y6M,[4K] 평생 모은 돈으로 축구장 7개 크기의 매화나무 숲을 일군 부부 | KBS 다큐 인사이트 -  인생정원: 붉은 매화가 피면 220623 방송,2022-06-28,29,204287,3193,144
gw5PdqOiodU,"[2022 방통위 방송대상 수상작] 오늘 당신이 버린 옷, 어디로 갔을까?  (KBS  20210701 방송)",2022-06-25,50,867200,21630,1931
pPCiaHp113M,[명작 다큐 몰아보기] 단순한 바닷길이 아닌 세계 경제를 지배하는 네트워크. 바다에 대한 관점의 차이가 역사를 결정지었다 | KBS대기획 4부작,2022-06-18,209,1402206,9114,346
TeHfUgDctQo,[4K FULL] '경기침체×인플레이션×전쟁 '세계 경제에 몰려온 초대형 복합 위기! 활로는 어디에? l KBS 다큐 인사이트 - 퍼펙트 스톰 220609 방송,2022-06-18,47,933886,14077,1251
pGD-T7hlqSw,"우리가 몰랐던 '논개'의 고장, 천 갈래 물길이 시작되는 청정 고장 장수ㅣ한국 재발견 '절개가 흐르는 청정한 땅 - 장수’ (KBS 20120114 방송)",2022-06-16,56,346280,3158,112
NKsIPs0feeY,100년된 고향집을 🏡가족사박물관으로! 경북 울진 바닷가 마을 ‘삼형제집’ (KBS 20150912 방송),2022-06-13,48,330465,3728,136
836o8TPlO-Y,"🚌 꼬불꼬불 성주 시골길을 누비는 할매들의 버스! '0번, 성주 할매버스 이야기’ (KBS 20170701 방송)",2022-06-13,51,330753,3287,127
Br732EecEY4,"'자급자족 내 밥상' 자연요리연구가 문성희 | 자연의 철학자들 11부 '덜어내니, 비로소 편안해지네' (KBS 20220610 방송)",2022-06-13,34,182161,2310,85
s9a8wzC7hnw,"[다큐인사이트 Full] 북한, 7차 핵실험 강행할까? 이를 뒷받침하는 다양한 징후들! I 한반도 핵위기, 김정은의 도박인가 KBS 220609 방송",2022-06-11,48,406391,5017,892
qYiOJWnEPPo,"[다큐온] 75, 83, 95 나이는 그저 숫자일뿐! 그녀들이 그리는 세상~ ""황혼의 캔버스"" (KBS 20220603 방송)",2022-06-10,32,208165,1694,50
hI6xnvGWbfk,"마지막 무대를 위해 맞췄던 양복을 남긴 채..🎙국민MC 송해 추모 특집다큐 ""내 인생 딩동댕"" - KBS 220609 방송",2022-06-09,47,410126,5867,361
OiGVQDg1OkU,"[한국인의밥상★풀버전] 통째로 부치는 갑오징어전, 물회, 젓갈까지..귀한 봄손님!┃“오징어 가문의 영광, 변산반도 갑오징어” (KBS 20130516 방송)",2022-06-07,51,217591,1571,61
3EISkxSIXEg,특명! 한국전쟁에서 희생된 국군의 미발굴 유해를 찾아라!ㅣ끝나지 않은 귀환 (KBS 20110606 방송),2022-06-06,57,165551,1864,154
Ky__UhNs3LQ,"[다큐온] 이보다 더 특별할 수 없다! 🏝무인도가 품은 황금 보물🥇┃ ""보물섬 무인도"" (KBS 20220527 방송)",2022-06-03,36,237201,1639,40
2Qpiasfhj5E,[한국인의밥상★풀버전] 이 땅의 아버지들은 밴댕이를 닮았다! 밴댕이를 따라가며 아버지를 추억하는 시간 | “아버지와 밴댕이” (KBS 20130613 방송),2022-06-02,51,272679,2074,117
R4WGIJjN2F4,"KBS스페셜 화제의 다큐! 아내 없는 남성의 사망률이 두 배 더 높다? ㅠㅠ 이 시대 아버지들을 진짜 눈물나게 하는 것┃'남자여, 늙은 남자여' (KBS 20160602-3 방송)",2022-06-01,104,1680112,18270,2898
0Rz6NrS1J7Q,🎙마이크 대신 자연에 몸을 맡긴 아나운서 이계진의 삶의 철학 | 자연의 철학자들 10부 '이계진의 끽다끽반(喫茶喫飯)' (KBS 20220527 방송),2022-05-30,32,942353,14925,693
EyjLagDQOAo,⛰해발 400미터 보현산 죽장계곡에서 펼쳐지는 산장 Life! | 산골에서 20년 이 부부가 사는 법’ (KBS 20170419 방송),2022-05-23,45,879379,7507,199
F4qV00r6jUc,[故노무현 전 대통령 다큐 몰아보기] (KBS 방송),2022-05-21,153,1295856,16201,2455
f7P-xL5mm7E,"[다큐3일★풀버전] 짜장면 한 그릇으론 담지 못할 무수한 이야기들이 펼쳐지는 곳 | ""근대의 거리를 걷다 - 인천 차이나타운"" (KBS 20150419 방송)",2022-05-20,47,150275,1172,133
jj8vm4ETVsQ,"십중팔구는 구미라고 알아들을 정도로 우리에게 낯선 고장, 군위 [한국 재발견] '천년의 이야기를 간직하다 - 군위’ (KBS 20111210 방송)",2022-05-19,55,247453,2716,104
4UMKlE9kwNU,인간의 이기심에 본래 모습을 잃어가는 내성천의 마지막 생태보고! '마지막 모래물길 내성천' (KBS 20141016 방송),2022-05-17,48,158799,1351,124
dOgfdRsGPos,저는 어불도로 장가왔습니다! 섬에서 다시 부르는 청년들의 희망가! | '우리는 바다로 출근한다’ (KBS 20170524 방송),2022-05-16,46,250311,2060,74
OWnC6eNdbU4,"[명작다큐 몰아보기] 인도에서부터 스리랑카,중국을 돌며부처의 '마음으로부터의 자유'를 실천해 마음의 병을 고친 사람들 (KBS 방송)",2022-05-14,229,149663,1584,51
sk0Jf9YcVOo,"[명작다큐 몰아보기] 총길이 1만 2천km의 실크로드, 2천 5백년의 불교역사. 그 긴 여정의 종착점 석굴암 (KBS 방송)",2022-05-14,94,116963,1477,59
E_EunUz5YGY,"[다큐온] 경남 함안 골짜기를 억척스럽게 누비는 98세 산나물 할머니 | ""나물 할매 오두심"" (KBS 20220506 방송)",2022-05-13,34,534397,5896,208
eskKRObXwKI,[한국 재발견] 바쁘고 팍팍한 세상살이에서 잠시 벗어나고 싶을 때.. 많은 사람들이 떠올리는 고장!  '섬진강 물길 따라 그리움이 흐른다 - 하동’ (KBS 20111203 방송),2022-05-12,55,210579,1508,60
53KS4aUDqlM,"[한국인의밥상★풀버전] 물 맑고, 땅이 좋지 않으면 함부로 자라지 않는 예민한 산나물! “무서워서 못 먹나, 없어서 못 먹지 ‘옻순’” (KBS 20140605 방송)",2022-05-10,52,439524,3820,129
OtYblAS6rl8,"울릉도에서도 가장 외딴 곳에 있어 일찍부터 섬 속의 섬이라 불리는 울릉도 섬마을 이야기 '한 여름날의 오지 섬, 울릉도’ (KBS 20170819 방송)",2022-05-09,52,399500,2255,56
KCnh82qAGjk,"보리암부터 봉정암, 지리산 칠암자 순례길까지 백두대간을 따라 항공 순례! '하늘에서 본 암자’ (KBS 20170503 방송)",2022-05-08,53,2490778,25277,627
rN0-B-5adDA,"[명작다큐 몰아보기] 대한민국 최전방, 육해공 작전을 위한 최정예 부대 총집합! 100% 임무완수를 위한 훈련은 계속된다! (KBS 방송)",2022-05-07,429,387514,2753,240
PfROvD6KaUc,[한국 재발견] 바다와 바람 그리고 사람들이 어울려 만들어낸 태안의 보물들을 찾아 떠나본다 '서해의 보물을 찾아서 - 태안’ (KBS 20111126 방송),2022-05-05,55,200366,1595,50
oknIkBQswKE,"🌄 버스가 찾지 않는 첩첩산중, 굴구지 마을의 소박한 일상으로 초대합니다 | '웰컴 투 굴구지’ (KBS 20170520 방송)",2022-05-02,43,944182,7424,119
yn3BLJeEqns,[명작다큐 몰아보기] KOREA ARMY 세상 강한 남자들! 특전사들의 맹활약!! 종횡무진 블록버스터!!! - ROK Special Warfare Command (KBS 방송),2022-05-01,303,1193657,5380,473
fCtIrd3GQEs,[한국인의밥상★풀버전] 새로운 것들을 받아들이고 떠나보내며 조화를 이루어 차려지는 대전 밥상을 만나본다 “잘 있거라 나는 간다 - 대전 블루스 밥상”(KBS 20140320 방송),2022-04-28,51,98523,959,87
2omDzlMbQR0,'아가야 무슨 사연이 있길래 이곳까지 온거니..' | KBS스페셜  베이비박스 60일의 기록 (KBS 20160714 방송),2022-04-27,53,2116640,24532,2968
GvUcSCbxmIs,"[한국인의밥상★풀버전] 맛과 영양, 바다의 힘찬 기운이 듬뿍 담겨 있다! | “힘찬 바다의 기운을 품다 - 기장 붕장어” (KBS 20130428 방송)",2022-04-26,51,103972,798,35
oGGQ8Vafp4c,[다큐인사이트 4K ★ 하이라이트] 반도체를 얻는 자가 세계를 얻는다. 인간의 가장 작은 발명품 '최종병기 반도체' (KBS 20220414 방송),2022-04-19,34,620063,6511,462
pY6HtStQsHg,"자연이용의 귀재, 행복지수 100%! ｜  '무소유의 행복한 삶, 필리핀 악타족’ (KBS 20100915 방송)",2022-04-18,46,334617,1085,81
vnjny3tivoQ,"'한국인의 밥상'에서 만나본 국민 횟감 광어, 우럭, 볼락. 제철맞은 주꾸미까지 '해산물 밥상'을 총정리해본다~! (KBS 방송)",2022-04-16,505,355057,3127,163
4iPlJ6FHegg,"한반도 영해 범위를 결정하는 최서단 🏝섬 중 하나인 격렬비열도, 1년간의 생태기록 '서해 비밀의 섬 격렬비열도’ (KBS 20160302 방송)",2022-04-14,52,749985,7367,284
N063tLgCCxs,[한국인의밥상★풀버전] 조선시대 임금님의 사랑을 독차지했던 웅어를 찾아 각 지역 웅어음식을 맛보러 떠나본다 “그 많던 웅어는 다 어디로 갔을까” (KBS 20140508 방송),2022-04-12,51,120930,949,59
7dNRuQOjTjY,"""갈치떼를 끌어 올려라"" 21세기 新 노인과 바다. 76세 선원이 들려주는 갈치와 인생 | 인생 2막 도전, 제주 갈치잡이 (KBS 20170916 방송)",2022-04-12,52,1102547,6367,195
PVjNOsv3mw8,망망대해 외딴섬🏝 온전한 자유를 찾아 들어간 🙋🏻‍♂️한 남자가 있다!? '무인도에 들어간 강선생’ (KBS 20160608 방송),2022-04-06,47,822577,6866,195
g9xh5bjCcyY,[한국인의밥상★풀버전] 시장에 파는 것보다 더 싱싱하고 맛있는 갯것들을 만나보자. “어머니의 반찬 창고 - 태안 갯것 밥상” (KBS 20140403 방송),2022-04-05,50,163877,1400,66
DyOUfXYm7sw,"🐖돼지는 일부 방목, 🧒자식은 완전 방목? | '산골정육점에서 오신걸 환영합니다’ (KBS 사람과 사람들 20160622 방송)",2022-04-05,47,960670,8095,398
xyOv17V35BE,🗺지도도 🧭나침반도 필요치 않다! 해발 800m 공씨네 부자의 좌충우돌 ⛰산중일기! '지리산 와운마을 부자전’ (KBS 20170930 방송),2022-04-04,52,389227,3182,62
ZKygKz-NfV8,"[명작다큐 몰아보기] 🧭최남단 마라도부터 🏝신안 장도, 영산도, 추포도, 맹골군도 등 바다와 한몸으로 살아가는 섬마을 특집! Korea Island (KBS 방송)",2022-04-02,558,881538,6520,146
QPws3n6wxns,"[한국인의밥상★풀버전] 귀한 고등어회와 참돔, 볼락구이. 통영 욕지도에서 맛보는  섬마을 밥상｜ “당신의 봄에는 무엇이 담겼나, 욕지도의 선물” (KBS 20170406 방송)",2022-03-31,47,640455,3850,530
u31iSb55vK4,"🦀꽃게철을 맞이한 서해 5도, 특별경비단과 어민들의 30일간의 기록을 만나본다 '꽃게전쟁 서해 5도, 30일간의 기록’ (KBS 20170617 방송)",2022-03-31,47,180243,2112,81
dqrutazbnc0,한국에서 '가장 아름다운 마을 3호'로 지정된 전남 화순군 영신마을 밀착 촬영! | '新신농가월령가’ (KBS 20160916 방송),2022-03-30,52,219513,2376,85
WQfXXggYjGQ,"[다큐3일★풀버전] 물길 따라 찾아간 섬진강변 🌸꽃마을 | ""다시, 봄 - 하동 선장마을"" (KBS 20170319 방송)",2022-03-25,48,214961,1812,61
PIPsQT2u3aI,100킬로가 넘는 초대형 🐟참치 잡이 31일의 기록 (KBS 20100512 방송),2022-03-24,47,1531849,7180,340
eS-qkGlkvfk,[명작다큐 몰아보기] 🇰🇷대한민국 🎖UDT/SEAL의 힘과 그 위상을 한번에 정리해본다! (KBS 방송),2022-03-19,275,483374,4365,255
VI3EEJhORe8,"★요청자료 대령이요★ 세계를 놀라게 했던 해저 150M 선체 인양 | '세계최강 심해잠수부대-해저 150m 선체 인양, 이렇게 가능했다’ (KBS 19990801 방송)",2022-03-17,54,472578,3581,198
lkGsEb4H9Cs,"모진 ❄️겨울바람을 이겨낸 방풍 밭이 장관을 이루고 이 무렵 바다 속도 푸른빛이 더해가는 🏝소리도의 봄을 전한다. '봄, 소리도’ (KBS 20150404 방송)",2022-03-16,56,270629,2295,79
wRxVQcQIrvQ,[명작다큐 몰아보기] 한국인의 밥상에서 만나 본 🐖'복을 부르는 돼지 고기 밥상'🥩을 한 방에 정리해본다! (KBS 방송),2022-03-12,315,411989,4139,155
FNGcSuLEcnU,"지리산 자락, 담비와 벌꾼의 꿀 쟁탈전 1년의 기록! 누가 🍯꿀을 차지할 것인가? | 지리산 벌꾼과 담비’ (KBS 20160317 방송)",2022-03-11,52,1194240,10708,454
KHTcoa2OFSo,[한국인의밥상★풀버전] 산과 바다를 사이에 둔 동해안 7번국도 사람들의 밥상! “파도와 숲이 함께 차리다 - 7번 국도 밥상” (KBS 20160414 방송),2022-03-10,52,216636,1518,45
CrmNiVd9CBw,우리 삶과 떼려야 뗄 수 없는 🐽돼지고기 속에 담긴 정감있는 우리 식문화 이야기 '돈(豚) 맛있는 기행’ (KBS 20110202 방송),2022-03-10,50,92949,762,34
SVxfMp3n8jU,봄을 가장 먼저 느끼는 농부들의 삶~ 나눠도 모자라지 않은 그들의 풍요로운 봄 이야기 '아버지와 어머니의 봄’ (KBS 20130423 방송),2022-03-09,37,82782,765,29
CE52K5eZKPc,"[한국인의밥상★풀버전] 멧돼지 사냥에 성공하는 날, 마을엔 잔치가 열렸다 | “야생의 산중진미-사냥꾼 밥상” (KBS 20150226 방송)",2022-03-08,51,1121013,7108,453
K_G76eMRbzI,[명작다큐 몰아보기] 한국 다큐 최초 에미상 노미네이트! 실크로드보다 2천년 앞선 인류최초 교역로를 가다 '차마고도' 한방에 몰아보기(KBS 2007.09.05~11.25 방송),2022-03-05,392,1953830,20309,713
M1ADKw80vS4,"[한국인의밥상★풀버전] 겨우내 잃어버린 입맛도 살아나게 하는 🐙주꾸미와 키조개 밥상을 만난다! “보령 바다 봄 만났네 - 주꾸미, 키조개” (KBS 20150319 방송)",2022-03-03,51,174583,1366,76
XwDGk1Q1Xss,"멀쩡히 다니던 직장을 접고 포도와 사과농사에 푹 빠진 🙆🏻아들과 🙆🏻‍♀️딸 | '아들 농부, 딸 농부’ (KBS 20161015 방송)",2022-03-02,47,346872,2308,100
QHYjHof0bZs,"[FULL] 격변의 시대, 러시아는 왜 우크라이나를 침공했나 | KBS 다큐 인사이트 20220224 방송",2022-02-27,48,982032,9162,1055
ab2rODYefV0,"[다큐3일★풀버전] ☝아시아 최초 슬로시티로 지정된 담양군 창평마을 | ""시간도 쉬어가는 마을 삼지내 - 담양군 창평 슬로시티 72시간"" (KBS 20170205 방송)",2022-02-25,49,166771,1180,45
zaJQBZ2KZNE,"[한국인의밥상★풀버전] 맛도 영양도 남다른 🐡생선의 왕! 허락된 자만이 맛볼 수 있는 아찔한 맛! “아찔한 유혹, 맛을 품치다 - 복어밥상” (KBS 20170223 방송)",2022-02-24,46,98781,907,93
rgIGh-FDYzo,"통영 앞 🌊바다의 포문을 여는 🐟물고기, 팔색조 봄 도다리! 그 황홀한 맛의 진수를 낱낱이 밝힌다 '놈들이 왔다! 봄 도다리’ (KBS 20080423 방송)",2022-02-23,43,379298,2220,81
mijBi6dLuYo,❄️폭설과 추위가 혹독한 🏔오지 마을에서 보물이 된 ‘내 고향 흘리’의 겨울나기 '고립돼도 괜찮아 수상한 오지마을’ (KBS 20170208 방송),2022-02-21,46,622044,6332,135
NOFF-SXrFMc,"아름다운 만큼 위험한 그 이름, 🏔히말라야 '해발 0m에서 에베레스트까지 2부 - 신들의 땅에 서다’ (KBS 20130716 방송)",2022-02-18,39,206108,1570,183
hHufRTwkQK0,여전히 ❄️💨눈바람 속에 자리한 마을을 지키며 사는 고향 👵🏻어머니들의 겨울풍경을 전한다. '어머니의 겨울풍경’ (KBS 20170127 방송),2022-02-16,58,1184366,11428,276
nvB9iFxKuy4,"[한국인의밥상★풀버전] 청정 해역 여자만, 풍성한 겨울 갯벌이 들려주는 맛있는 이야기 “좋은 갯벌은 여전히 좋다, 여자만의 겨울” (KBS 20170112 방송)",2022-02-15,47,129396,1125,67
HfaWI36G538,"[한국인의밥상★풀버전] 봄 향기 가득 안고 온 진해만의 🦪조개밥상을 만나본다. “봄 조개 뭍에 오르다, 진해만 조개밥상” (KBS 20160303 방송)",2022-02-10,53,159638,1476,110
iks4pGL3XcU,[한국인의밥상★풀버전] 👣한 걸음 먼저 상륙한 🌸봄을 느낄 수 있는 곳! “초록을 맛보다 - 소안군도” (KBS 20160225 방송),2022-02-08,51,54395,554,20
haGhX4SFXBg,"[다큐3일★풀버전] 🏙육지에서 가장 멀리 떨어져 연기에 가린 듯 까마득하게 보이는 🏝섬 ""내 마음의 보물섬 - 충남 보령 외연도"" (KBS 20160724 방송)",2022-02-04,49,498897,3421,64
whjDXh2Ucp0,"[다큐3일★하이라이트] 한국의 명산, 🏔설악산의 3일을 담았다! “살아있다, 뜨겁게 - 설악산 국립공원 72시간” (KBS 20220130 방송)",2022-02-03,33,123292,1368,80
M18efZlVgG4,🏠오래된 집과 그 안에서 살아온 이들의 삶은 서로 닮았다 '고택古宅의 봄’ (KBS 20140401 방송),2022-02-02,39,409957,4005,94
NvSnnAba6-Y,[한국인의밥상★풀버전] 어느 한 지역의 밥상이 아니라 탄광촌 광부의 밥상 이야기~ “연탄재 함부로 차지 마라 광부들의 밥상” (KBS 20130110 방송),2022-02-01,51,163018,1483,88
fswGMr_6o2o,"소🐮는 여물, 우리는? 막걸리😆😆 힘들고 고된 현실을 달래주던 탁한 막걸리 한 사발🥣 “허기를 채우는 6도 - 막걸리” 한국인의 술상 (KBS 20211217 방송)",2022-01-31,20,99927,1081,87
ttSl3_1fnAY,👵🏻어머니들이 🔥아궁이 앞을 떠나지 못하는 이유는 무엇일까? '아궁이가 있는 고향집’ (KBS 20150307 방송),2022-01-31,48,1168666,10432,358
Y9T_LioEiOc,"[한국인의 술상] 삼겹살에 소주 한 잔... ""아! 이마저도 없다면"" | 마음을 달래는 19도 - 소주  (KBS 20211217 방송)",2022-01-30,18,151356,1694,217
DhffxnkF4CY,구례 산수유마을의 6형제 👵🏻할머니와 광양 매화마을 꽃할배 👴🏻이장의 이야기 '꽃할배 이장과 산수유 할머니’ (KBS 20160416 방송),2022-01-30,48,327383,3029,81
pBjagvFjazg,[한국인의밥상★풀버전] 내장까지 통째로 말리는 🐟청어 과메기와 과메기 요리를 만나보자! “신출귀몰! 청어의 귀환” (KBS 20150129 방송),2022-01-27,51,113352,958,94
jxliFofJKeI,"[한국인의밥상★풀버전] 한평생을 엮어 낸 깊은 맛, 세찬 겨울 바다 이야기를 만나다 “동해 최북단을 가다 - 고성 겨울밥상” (KBS 20141225 방송)",2022-01-25,52,144517,1420,133
UsFamly28h4,🐮8살 고집불통 일소 '점례'와 베테랑 농부의 동거기 | 다큐공감 '우리집에 소가 살고 있네’ (KBS 20150613 방송),2022-01-24,47,248056,2256,127
BR4lvEUoDuU,"죽음의 강이였던 🏞경안천. 그 곳에 생명이 돌아왔다. '쏘가리, 돌아오다’ (KBS 20141127 방송)",2022-01-24,47,113890,827,72
_qKqbwis3hA,[다큐3일★하이라이트] 고소한 💨냄새와 연탄 타는 💨냄새가 공존하는 골목! “버텨봐야지예 - 부산 곰장어 골목 72시간” (KBS 20220116 방송),2022-01-20,27,408569,2129,406
g0VETouoi84,바람 닿는 대로 태양을 벗 삼아 자연이 주는 대로 먹고 자는 무릉도원의 삶 | 내츄럴 휴먼 다큐 자연의 철학자들 6부 구름처럼 바다처럼 220107 KBS 방송,2022-01-19,30,193599,2493,127
XpqzG4U3ii4,🌊거친 바다를 터전으로 살아가는 해녀들의 첫 물질과 🐟대물생선들과 사투 '자연산이 살아있다 - 가파도의 봄’ (KBS 20150328 방송),2022-01-19,47,326900,2082,28
yIksR48rWmY,"[한국인의밥상★풀버전] 맛, 영양 무엇 하나 부족함없는 든든한 맛의 세계! “아낌없이 주는 너, 뼛속까지 맛있다” (KBS 20170119 방송)",2022-01-18,47,237977,1934,117
o8FlDLWf73s,오지 말라 해도 오고 막으려 해도 막을 수 없는 천지의 기운! 🌼봄이 들었소~ '우리 집에 온 손님’ (KBS 20150307 방송),2022-01-17,47,382662,3090,60
K1YuwhXqqgY,"무너진 글로벌 공급망! 요소수 사태, 기름과 석탄 부족. 세계 곳곳에서 물류 대란이 일어난다 | 신년특집 거대한 균열 220102 KBS 방송",2022-01-16,47,413819,6451,414
WNg9Sjfd1hs,[한국인의밥상★풀버전] ❄️겨울을 날 수 있게 했던 🎁선물! 소박하지만 풍성한 메밀 밥상! “기꺼이 겨울을 견디다 - 강원도 메밀밥상” (KBS 20160218 방송),2022-01-13,51,91266,956,28
8RYXHscezqk,[다큐3일★하이라이트] 🦠아프리카돼지열병을 막기 위해 고군분투하는 사람들의 이야기 “공존의 길 위에서 - 괴산 멧돼지 특별포획단 72시간” (KBS 20220109 방송),2022-01-13,28,673136,4497,188
F0Vb4wacZZ0,🌡영하 30도로 떨어지는 ❄️한파에 😃웃음꽃 가득한 행복을 찾는 법을 배운다. '안도전 마을에 눈이 내리면’ (KBS 20150307 방송),2022-01-12,47,1362408,9493,316
IlKczclhOqI,[한국인의밥상★풀버전] 🔔“두부사려~ 두부사려~” 뜨끈한 ⬜️두부 한모의 기억 “하얗게 꽃으로 피어나다 - 두부예찬” (KBS 20160128 방송),2022-01-11,51,130961,1205,138
pIkSxWxI45U,"🌊바다의 넉넉함과 자유로움을 품은 대표적인 낭만도시 ⛴부산! '잃어버린 것에 대하여 - 부산 with 최백호, 이선희, 이금희’ (KBS 20220106 방송)",2022-01-11,32,359493,4792,334
Mz5ykgmmBmc,"천 미터에 가까운 수직 ⛰암벽으로 이뤄진 산! 🧗🏻‍♀️인간의 발길을 허락하지 않는다. '피크41원정대, 히말라야 거벽에 오르다’ (KBS 20141129 방송)",2022-01-07,47,344819,2719,124
r87Nps3vVmQ,유튜브 1억뷰를 자랑하는 명강사 김창옥의 제주살이🏝️🏝️ 그에게도 멈춤이 필요했다✋ | 내츄럴 휴먼 다큐 자연의 철학자들 4부 행복하냐고 묻는다면 211224 KBS 방송,2022-01-04,31,189668,3301,156
FHIhnki5fWc,"[한국인의밥상★풀버전] 추운 겨울, 어김없이 우리 곁으로 돌아온 🐟빙어! “새해 전설이 돌아왔다, 빙어” (KBS 20170105 방송)",2022-01-04,46,163545,1156,90
EE-41xSZBjQ,🦈상어 80%가 사라진 마다가스카르 해역. '베조족'은 오늘도 ⛵️통나무배로 망망대해를 누빈다 | '모잠비크 해협의 상어잡이 베조족 ’ (KBS 20111001 방송),2022-01-03,46,305029,1872,67
HgIWdjURmRI,⛰산골 마을 작은 🚞기차역 ‘분천역’ 그 작은 풍경에 사람들의 삶이 있다. '분천마을에 겨울이 오면’ (KBS 20110202 방송),2022-01-01,56,772049,6846,207
DPlhCV7vLzw,🏔지리산 우체부의 길을 통해 💌편지의 아날로그적 삶의 가치를 돌아보다 '지리산 우체부가 보낸 편지’ (KBS 20101222 방송),2021-12-31,47,121606,1118,36
42wdzmlgO_c,"[다큐3일★풀버전] 우람한 고래 바위와 에메랄드빛 바다를 품은 힐링의 섬 |  ""섬, 그 품에 안기다 - 통영 수우도"" (KBS 20160501 방송)",2021-12-31,50,703099,4520,82
HiHVepSob9k,"[한국인의밥상★풀버전] 바다와 파도, 갯벌이 차려낸 갯내음 가득한 🏝섬 속의 섬, 덕적군도 밥상 “그 섬의 겨울은 따뜻했네, 덕적군도의 12월” (KBS 20161229 방송)",2021-12-30,47,107980,1020,50
y7Neir-XZcg,자연이 곧 경전이로다🌳🐦 새가 신선이고 도를 함께 닦는 친구인 도연 스님의 삶 | 내츄럴 휴먼 다큐 자연의 철학자들 3부 새처럼 살고 싶어라 211217 KBS 방송,2021-12-29,32,220954,3429,131
VaxPJWBkha8,"[한국인의밥상★풀버전] 😋맛과 영양은 물론 모양새까지 오롯이 지켜내며 뜨겁게 익은 💨찜 음식! “찜, 겨울을 뜨겁게 품다” (KBS 20160121 방송)",2021-12-28,51,139686,1206,58
_iaK-L2wqig,"[한국인의밥상★풀버전] 오랜 세월동안 변함없는 ❤️정의 맛, 그 시절의 골목길~ “[성탄기획] 골목길, 그리운 한끼” (KBS 20151224 방송)",2021-12-23,52,149309,1344,80
rEp59ACw_5A,"[다큐3일★하이라이트] 🎥감독, 출연진, 각 팀의 스태프들의 살아있는 포부의 현장 “나는 왕이로소이다 - ‘태종 이방원’ 촬영 현장 72시간” (KBS 20211219 방송)",2021-12-23,27,92798,1059,151
iYMG1DQMiHg,자연의 순리대로 사는 은퇴 부부의 힐링동화🌈 | 내츄럴 휴먼 다큐 자연의 철학자들 2부 부부의 뜰 211210 KBS 방송,2021-12-22,33,220819,2241,77
mnfFQOHndQ8,"먼 바다 깊은 곳, 물고기가 무럭무럭 자란다. '바다의 로또' 참다랑어,  양식에 성공할 수 있을까? | '먼바다 깊은곳에 - 외해가두리’ (KBS 20090805 방송)",2021-12-20,41,457459,2750,118
2-tln5Df454,"맛, 건강 모두 잡는 한국 대표 3대장! 된장, 간장, 고추장은 세계에도 통할까? | '한국의 장, 세계를 유혹하다’ (KBS 20130922 방송)",2021-12-17,48,233822,2596,202
NEv91yvBWkY,"[다큐3일★풀버전] 경북 울진군 최남단에 위치한 국내 최대 🦀대게 잡이 항구!""더할 나위 없어라 - 경북 울진 후포항"" (KBS 20150104 방송)",2021-12-17,48,497289,3524,140
dAlcL4cz22Y,"[한국인의밥상★풀버전] 제 이름을 뺏긴 그 사연 참 딱한 🐟생선, ‘간재미’ “홍어 뺨치는 알싸한 맛, 남도 겨울 간재미 밥상” (KBS 20160114 방송)",2021-12-14,52,243349,1816,127
5YfWYHe02bs,[한국인의 밥상] ❄️추워질수록 맛있다! 🐟방어와 대삼치로 차린 푸짐한 밥상 “이 겨울 제맛! 통영·고성 제철 밥상” (KBS. 20211209 방송),2021-12-13,8,33975,242,14
OGGKfXUlVmY,"[한국인의밥상★풀버전] 🐟알배기 생선 하나만 있으면 열 반찬 부럽지 않을 정도로 풍성해지는 밥상 “추억도 먹고 알도 먹고, 겨울 알배기 생선” (KBS 20161215 방송)",2021-12-09,47,147719,1286,123
Rq9uq8SzAOA,"[다큐3일★하이라이트] ""낯선 고향 땅에서 잘 살아갈 수 있을까?"" |  “우리가 꿈꾸던 고향 - 광주 고려인 마을 72시간” (KBS 20211205 방송)",2021-12-09,29,174116,3498,597
FDmJmYrwn8c,"우리가 꽃을 가꾸는 것이 아니라 ""꽃이 우리를 가꾼다""🌼 3대가 일군 소박한 들꽃 정원 | 자연의 철학자들 ""너는 꽃이다"" 211203 KBS 방송",2021-12-08,27,170422,1645,74
-2Igq46TxqM,"돈 보다는 없는 이들의 시린 겨울을 더 걱정하고, 10장이든 20장이든 타산이 안 맞는다고 🙅🏻거절하지도 않는다. '연탄 수레에 인생을 싣다’ (KBS 20151205 방송)",2021-12-07,47,139860,1519,151
RpRQC2YxfBI,"[4K] 양자역학,,,왜 알아야 할까? 김상욱 교수가 설명해 드림 (ft. 이성민) | KBS 다큐 인사이트 - 사이언스 워크 1부 양자역학 - 생명에서 우주까지 211202",2021-12-06,35,700085,9999,646
eyHOsMApZhI,"🐙대왕문어를 잡기 위해 준비를 마친 23톤급 ⛴청경호! '동해의 대물, 대왕문어를 잡아라!’ (KBS 20150103 방송)",2021-12-06,47,2759938,17670,434
le2fDvcPFJs,"[다큐온] 100세 시대, 👩🏼‍🦳노년에도 📚플러스가 필요하다 ""노년, 책을 들다"" (KBS 20211126 방송)",2021-12-03,24,229097,3517,133
KOr4o003Sh8,[한국인의밥상★풀버전] 🦐새우 한 점의 감칠맛! 수백 년 역사를 이어온 우리의 맛!! “밥상 위의 작은 거인 - 새우젓” (KBS 20141127 방송),2021-11-30,51,76994,787,58
AuxaHe13NEk,BTS 그래미어워드 수상 기원🙏🙏 #방탄_때문에_한글_배웠다💜 전세계 아미들에게 부는 한글 열풍｜한글날 특집 KBS 211009 방송,2021-11-28,38,510460,11559,775
nREmg14Ug8U,[다큐3일★하이라이트] 해양장례식이 허용된 두 곳의 바다. '바다에서 이별을 고하다' | 바다로 가다 – 인천 해양장례식 72시간 (KBS 20211121 방송),2021-11-25,28,208582,1252,145
E7WrR9NPEB4,[한국인의밥상★풀버전] 밖에서 사먹는 음식 중 가장 많이 선택하는 메뉴 🍗닭 “닭 먹기 참 좋은 날” (KBS 20141106 방송),2021-11-23,51,82652,767,51
9LofMbWOZIQ,"🏝 오직 세 사람만 출입이 허용되는 신비의 섬, 사수도  |  '무인도에서의 7일, 사수도 해남해녀’ (KBS 20160515 방송)",2021-11-23,52,1558563,10790,321
At9JngD5QKU,"[다큐온] 태평양함대 최대 규모, '에이브러햄 링컨함'을 만나다 | 다큐온 ""해양 강국의 꿈, 항공모함으로 연다"" (KBS 2021112 방송)",2021-11-19,31,516870,4242,796
Lwh7FlrE6GQ,"[한국인의밥상★풀버전] 💨찬바람에 옷깃을 여밀 때 떠오르는 음식이 바로 진하고 뜨거운 🥘국물! “""걱정마, 잘 될거야"" 삶의 위로, 강진국물요리” (KBS 20161117 방송)",2021-11-18,47,183513,1754,98
XDf_dTakZzo,"[다큐3일★하이라이트] 땅끝마을 해남 ⛰달마산 속에 자리 잡은, 삶과 쉼을 잇는 천년의 사찰 “달마가 땅끝으로 간 까닭은 - 해남 미황사 72시간” (KBS 20211114 방송)",2021-11-18,33,129014,1386,69
-KfdMkVsz1s,"[한국인의밥상★풀버전] 🏔한라산 정상보단 낮고 제주 🌊바다보단 높은 곳, 중산간 웃뜨르 사람들의 인생! “웃뜨르에 가봅서, 제주 중산간 밥상” (KBS 20151217 방송)",2021-11-16,52,88579,716,57
Y9VQeUG6C2E,외국인 심금마저 울리는 'K-컬처'의 비결 | KBS 다큐 인사이트 - K 유니버스의 탄생 (KBS 20211111 방송),2021-11-16,28,637568,9785,792
KAnVRh2d5o0,중앙아시아 고원지대에 우뚝 솟은 알타이 ⛰산맥의 🦅검독수리 사냥꾼들! 'KBS-MNB공동제작 와일드 몽골리아 - 1부 알타이의 사냥꾼들’ (KBS 20120516 방송),2021-11-15,47,141910,1001,33
g_7CniDu-k4,제주도민도 잘 모르는 새로운 풍경!😲 올레길 따라 제주 한 바퀴✈ 올레 1코스부터 10코스까지 제주 동부 걷기 여행 | 먼바당 거믄땅 KBS 160101 방송,2021-11-13,47,122742,1373,47
wrxTA28IIvE,"[다큐3일★풀버전] 🌞해가 뜨면 공구상가🌛해가 지면 포장마차. 북성로 한잔의 추억 | ""삼일야화 - 대구 연탄불고기 포장마차 골목""(KBS 20151122 방송)",2021-11-12,48,871658,4818,524
uITozxQQsrI,"[다큐온] 임진왜란 당시 일본으로 끌려간 10만 여명의 포로 중에서 일본에 뚜렷한 흔적을 남긴 이들! ""임란포로 ‘진주시마’의 후예들"" (KBS 20211105 방송)",2021-11-12,34,170892,1897,592
89DPnXA_CFs,"[한국인의밥상★풀버전] 시간이 흐를수록 더 깊은 맛을 내는 옛 음식! 곰삭은 맛의 진수를 품다 “서해의 곳간 홍성, 곰삭은 맛의 진수를 품다” (KBS 20161027 방송)",2021-11-11,47,113798,1092,48
YLGvbfx-I2I,"[한국인의밥상★풀버전] 제멋대로 성글고 거칠게 갈려 본연의 맛을 만들어내는 거친 맛 “통으로, 생으로~ 거친 것이 좋다!” (KBS 20151203 방송)",2021-11-09,51,79049,701,53
mT8TlULc-qU,"해발 4,000m 기암절벽에서 🍯석청을 채취하는 사람들 |  히말라야 꿀 사냥꾼 '빠랑게’ (KBS 20110107 방송)",2021-11-08,49,593818,5128,147
j8jkU-huFv4,"[다큐온] ☝🏻1인 가구의 폭발적 증가. 이젠 법과 제도도 달라져야 할 때다. ""잘 살고 있습니까? 혼자"" (KBS 20211030 방송)",2021-11-05,34,765774,5972,890
hIha7VoAVtM,"[한국인의밥상★풀버전] 칠산바다에 기대어 살아가는 사람들은 오늘도 🌊바다로 나간다. “전설의 황금어장, 칠산바다의 추억” (KBS 20161103 방송)",2021-11-04,47,163460,1411,158
Dj7BU1GZnO4,"[한국인의밥상★풀버전] 어물전에선 버려지는 것이 당연한 신세인 줄 알았던 🐟생선 내장이 바다 진미로 재탄생했다! “속 깊은 맛, 생선 내장 밥상” (KBS 20151119 방송)",2021-11-02,52,926596,5843,507
M7kiMH9Byzk,미지의 보물섬을 찾아 몰려든 💰금광 사냥꾼. 21세기판 골드러시의 현장! | '황금의 섬 술라웨시’ (KBS 20110429 방송),2021-11-02,45,1430229,6884,582
uSJN2qcmcUQ,최초의 인류와 관련된 화석을 발견한 곳! 현대의 삶과 멀어 보이지만 맞닿아 있는 아프리카 '푸른 지구의 마지막 유산 1부-원시생명의 땅 투르카나’ (KBS 20100109 방송),2021-10-31,56,101438,757,8
xRYCZpZ9Oyg,연평도 조기잡이의 상징인 안목 어장의 부활을 기대해본다! '연평바다 2부작 2부 - 조기의 전설’' (KBS 20161215 방송),2021-10-28,51,152367,1010,68
FHLxydH7edo,[다큐3일★하이라이트] 모든 접촉은 흔적을 남긴다! 실낱같은 단서로 진실을 추적하는 과학수사대원 | “추적자들-서울경찰청 과학수사대 72시간” (KBS 20211024 방송),2021-10-28,31,309875,3090,120
6a17EeaAwu8,국내산 꽃게의 3분의 1이 잡히고 주민들에게 풍요로운 삶의 터전 연평도 '연평바다 2부작 1부 - 꽃게전쟁’' (KBS 20161210 방송),2021-10-27,51,303023,1889,124
qk_f6fTq4gU,"[한국인의밥상★풀버전] 짠내 물씬 나는 힘겨운 세월 속에 우리 곁에 함께한 국민생선 고등어 “그리운 비린내의 추억, 고등어” (KBS 20141016 방송)",2021-10-26,51,315089,2836,150
EVYW65kc9yc,"대한민국에서 조수간만의 차가 제일 많은 한강 하류 전류리 포구 '강에 살다, 한강어부의 100일' (KBS 20160918 방송)",2021-10-26,51,788882,4202,166
Rs6CdSTRjKU,"팽팽한 속도전! 70대 노인에서 24살 막내까지 전어 잡이를 위한 80일간의 동고동락 '가을바다, 3부자의 전어 추격전' (KBS 20161008 방송)",2021-10-25,47,1419108,8787,149
0nRQCRmC9NQ,[한국인의밥상★풀버전] 강의 시간을 가장 뜨겁게 살아온 강마을 사람들의 그리움 가득한 추억의 밥상 “낙동강은 흐른다 (2부) 그리움이 품은 맛” (KBS 20151029 방송),2021-10-21,52,111193,1004,92
2-59R7cnJFM,"[다큐3일★풀버전] 2010년 산림청이 조성한 1호 숲길, 자연과 사람이 공존하는 길 ""더불어 숲 - 울진 금강소나무숲길 72시간""  (KBS 20161009 방송)",2021-10-20,53,191008,2009,54
GlrT8xoJLDc,[한국인의밥상★풀버전] 영남인들에게는 오랜 세월 동안 생명의 젖줄. 낙동강에 기대어 살아가는 삶과 음식 “낙동강은 흐른다(1부) 을숙도의 추억” (KBS 20151022 방송),2021-10-19,52,152467,1160,131
YctdthYhPvs,"[다큐온] 정원 속에서, 작은 생명을 돌보며 새로운 삶의 희망을 찾게되는 ""나의 정원, 우리들의 정원"" (KBS 20211009 방송)",2021-10-15,30,119095,1132,37
RF3mqKWGjlo,"세계문화유산 창덕궁 후원 힐링 랜선여행! 비밀의 정원 속 숨겨진 생태계 그 1년간의 기록 -  28년만의 공개, 창덕궁 후원 (KBS 20050101 방송)",2021-10-14,57,209057,3259,137
XuA3F6Ilfw8,"[한국인의밥상★풀버전] 다양한 모습으로 우리 밥상에 올랐던 친근한 곡식인 녹두. 오늘은 녹두의 오랜 이야기를 들어본다. “작지만 강하다, 녹두밥상” (KBS 20151015 방송)",2021-10-14,51,142790,1694,69
wKDQavriLXo,"[한국인의밥상★풀버전] 우리나라에서 가장 풍경이 아름다운 철도 노선 영동선을 따라 만나는 추억의 밥상 “나를 두고 가지 마오, 영동선 밥상” (KBS 20151001 방송)",2021-10-12,52,140102,1222,72
2dLZbEha5bg,"[명작다큐] 전쟁은 무엇으로 남았는가 ""한국전쟁 10부작""  마지막 회 | 10부 에필로그 (KBS 20100627 방송)",2021-10-10,56,365951,3888,411
nseSjtonlv0,[FULL] 현실판 유시진이 여기에? 제한시간 72시간! 탈레반이 점령한 카불에서 아프간 기여자들을 구하라!  | KBS 다큐 인사이트 - 카불 기적의 밤 211007 방송,2021-10-08,48,427442,13631,1233
CgoVJbL29PE,"[명작다큐] 전투만큼 치열했던 후방의 삶. 고향 등진 피난살이의 서러움. 세계 100대 다큐멘터리 선정 ""한국전쟁 10부작"" | 7부 전쟁의 그늘 KBS 20100624 방송",2021-10-07,56,508087,5760,743
ti08b0GOewA,[한국인의밥상★풀버전] 백두산에 터를 잡고 살아온 우리 민족의 밥상 | “백두(白頭)에 살어리랏다” (KBS 20141009 방송),2021-10-07,51,818284,7585,501
VHF778oINtc,"[명작다큐] 공산포로들에게 납치당해 철창에 갇힌  포로수용소장, 미국의 위신은 추락하고 수용소는 또다른 전장터로 변하는데.. | 한국전쟁 10부작 - 6편 또다른 전쟁",2021-10-06,57,448715,3987,349
lqBaqV8uncA,"[명작다큐] 중국의 참전으로 원자 폭탄 투하까지 고려하는 미국. 세계 100대 다큐멘터리 선정 ""한국전쟁 10부작"" | 5부 후퇴 KBS 20100622 방송",2021-10-05,56,1043825,7599,1203
ah4gOcVoVwU,"[명작다큐]한반도에 수립된 두 개의 정부. 38선을 마주보고 선 두 개의 군대. 세계 100대 다큐멘터리 선정 ""한국전쟁 10부작"" | 2부 전쟁의 시그널 KBS 100613 방송",2021-10-02,56,677497,5560,584
jbGcrdC77Q0,★요청자료★세계 100대 다큐멘터리 선정에 빛나는 한국전쟁 10부작! 분단부터 정전 이후까지 쫙 짚어드립니다. 한국 현대사 완벽 정리 | 1부 분단 KBS 20100606 방송,2021-10-01,57,809429,8635,863
s5VeyMLuTjw,"[다큐온] 나고 자란 고향을 떠나 서울행을 택하는 젊은이들 ""우리가 서울에 온 까닭은?"" (KBS 20210924 방송)",2021-10-01,35,121854,1335,358
8Mp_HnUD5fw,고성장 시대의 끝. 우리에게 필요한 새로운 혁신이란 무엇인가 | 세계 석학이 본 대한민국 경제 100년 제4편 “끝나지 않은 도전” (KBS 150821 방송),2021-09-30,53,145676,2889,182
Bjuf-26nvV0,"[한국인의밥상★풀버전]경상남도 사천, 충청남도 서천의 전어음식들을 만나본다!!! “고소한 가을 바다를 밥상에 올리다 - 사천 전어” (KBS 20110908 방송)",2021-09-30,50,179919,5064,210
aUCcixYgtHk,"""한국경제 70년, 게임 체인저는 중화학공업으로의 전환이었다"" | 세계 석학이 본 대한민국 경제 100년 제3편 “산업전사들” (KBS 150820 방송)",2021-09-29,48,461512,5895,680
NNz8w_rsqLI,"전후 폐허에서 일어난 대한민국의 전략, 수출 기반 산업화 그리고 인적 자본 | 세계 석학이 본 대한민국 경제 100년 제2편 “세계를 향한 질주” (KBS 150819 방송)",2021-09-28,53,202999,2782,280
gj4bFLeh4cs,"[한국인의밥상★풀버전] 예로부터는 왕실의 건강을 돌보는 역할로 쓰였고 때로는 약으로, 때로는 건강한 식재료 “밥상위의 보약, 가을 버섯” (KBS 20130919 방송)",2021-09-28,50,101371,1029,85
KKFyn1drSr0,원조수혜국에서 세계 최초로 원조지원국이 된 한국. '수출주도 산업화' 전략은 신의 선택이었다! | 세계 석학이 본 대한민국 경제 100년 제1편 “운명을 바꾼 선택”,2021-09-27,52,523309,8322,652
9KxjCLJeVV0,"누군가에게는 추억, 누군가에게는 일상.. 기차가 출발합니다 ""새벽 4시 7번칸의 기적"" (KBS 20150506 방송)",2021-09-27,51,292239,3130,358
XYEjbD3rf78,"[4K FULL] ""탄소중립"" 어떻게 가능한가 | KBS 다큐 인사이트 -  붉은 지구 4부 기후혁명 210923 방송",2021-09-24,47,370696,5918,575
guZhzj69KpY,J에게를 처음 불렀던 그 곳으로 다시♪ 이선희&amp;김이나와 함께하는 청춘의 도시 춘천 여행- 추석특집 감성 로드다큐 한 번쯤 멈출 수밖에 3부 (KBS 20210922 방송),2021-09-23,39,221996,2738,188
5HoLM1rbdnE,이선희! 20년지기 친구 이금희와 가을을 느끼며 떠나는 전북 완주 힐링 여행! - 추석특집 감성로드다큐 '한 번쯤 멈출 수밖에 2부' (KBS 20210921 방송),2021-09-22,37,993048,10764,744
SHM2rJmSivo,부르는 것만으로도 코끝이 찡해지는 이름 '친정엄마' (KBS 20150926 방송),2021-09-21,47,236805,2152,106
VChE7zJzwvY,이선희 X 악뮤와 함께 가던 길을 멈추고 듣는 노래와 ASMR! 힐링 여행! - 추석특집 감성로드다큐 '한 번쯤 멈출 수밖에 1부' (KBS 20210920 방송),2021-09-21,36,170608,2793,143
jJaboEGu_sQ,잘 키운 산나물 하나가 명품 산나물로 부활!!! '마을 그리고 사람을 살리다 2012 산나물 이야기' (KBS 20121003 방송),2021-09-20,41,157681,1543,29
I5eX3Bh6uc4,[4K FULL] 한라산 구상나무 집단 고사 현장 | KBS 다큐 인사이트 - 붉은 지구 3부 구상나무의 경고 210916 방송,2021-09-17,48,325213,4741,314
WkPFJUL1Wto,"[다큐온] 노후, 누구와 사시겠습니까? 68세 동갑내기 할머니들의 좌충우돌 동거생활┃ ""세 할머니의 유쾌한 동거"" (KBS 20210910 방송)",2021-09-17,31,1825596,24550,975
g2lR79pZ1VE,"전국 최상품 미역의 채취지! '푸른 미역의 섬, 청등도' (KBS 20150905 방송)",2021-09-14,48,247974,2241,82
Z9F_o51B6Rs,[4K FULL] 수온 상승으로 제주 바다가 죽어가고 있다 | 붉은 지구 2부 침묵의 바다 (KBS 210909 방송),2021-09-10,48,673132,8611,879
0f_tFGoBs1U,"[다큐3일★풀버전] 인천과는 227km 황해도 장산곶과는 17km. 서해 최북단 백령도에서의 3일 | ""그리움은 쌓인다 백령도""  (KBS 20130915 방송)",2021-09-10,42,777718,7634,304
rA1OnUQYmPU,"[한국인의밥상★풀버전] 가을의 문턱. 바다의 기운을 옹골지게 품고 돌아온 반가운 손님 “수컷의 진격, 가을 꽃게 밥상” (KBS 20140911 방송)",2021-09-09,51,173494,1412,146
j1ghia4Suak,[다큐3일★하이라이트] 과거의 모습을 통해 소중한 일상에 대해 생각해본다 “[시청자 주간 기획] 과거에서 온 편지” (KBS 20210905 방송),2021-09-09,31,123523,1296,108
QHMOfbwnV_U,"[한국인의밥상★풀버전] 추풍령에서 찾는 진정한 휴식과 어울림의 의미 “가을이 오는 길목, 추풍령 밥상” (KBS 20130905 방송)",2021-09-07,51,145566,1168,60
kNmUO0pzSiE,우리민족의 소고기 사랑과 칼끝으로 모든 부위를 해체시켰던 고도의 '발골'기술 '발골의 유산 - 세계 최고의 소고기 음식 문화' (KBS 20100224 방송),2021-09-06,42,212361,1431,160
0a7y1DEuASM,"[4K FULL]  치솟는 산불, 지구가 만들어낸 에너지 폭탄 | KBS 다큐 인사이트 - 붉은 지구 1부 엔드 게임 1.5℃ 210902 방송",2021-09-03,48,1118713,20228,1455
Cv3yjG23jVs,"[다큐온] 부모님께 물려받은 인생철학을 지니고 살아가는 소양호 어부 부부 ""소양강의 유산"" (KBS 20210828 방송)",2021-09-03,32,230186,1565,47
a_y-u2XbTDw,"[다큐온] 알록달록 다양한 색을 내는 과일 ""과일, 좋아하세요?"" (KBS 20210827 방송)",2021-09-03,31,90770,1365,93
zB__5sXtabM,[한국인의밥상★풀버전] 풍요로운 바다 한가운데 힘찬 기운을 품은 “바다의 천하장사 여수 참문어” (KBS 20130912 방송),2021-09-02,50,158255,1298,43
hwsMpK2pDQE,"[다큐3일★하이라이트] 유역 면적 서울시의 4.5배. 춘천의 명소이자 수도권 식수원 | “소양강 블루스, 춘천 소양강 댐 72시간” (KBS 20210829 방송)",2021-09-02,30,281384,2108,224
di4fDNH9X0E,"[다큐3일★풀버전] 해발 1천m, 깊은 산속 230만 포기의 거대한 양의 배추 수확 ""배추고개 귀네미마을의 여름나기""  (KBS 20100822 방송)",2021-09-01,42,391994,3487,203
M5FTUTlWX6c,[특집다큐] 열 손가락 없이 히말라야 14좌를 정복하다! 김홍빈 대장의 마지막 등반 기록 | KBS 210829  방송,2021-08-31,53,293511,2490,456
DWoroBbXCQQ,[한국인의밥상★풀버전] 바다 한 가운데서 시작 된 물회의 역사와 동해안 식해 문화! “동해바다가 풍덩! 물회와 식해” (KBS 20120809 방송),2021-08-26,51,110937,965,109
itiqDiHdgps,[한국인의밥상★풀버전] 할머니 무릎에 누워 먹던 즐겁고 그리운 추억 “알알이 박힌 땀의 결실 홍천 옥수수” (KBS 20120802 방송),2021-08-24,52,123196,807,39
L86vPiOvLUA,"[한국인의밥상★풀버전] 오장동 함흥냉면, 평양냉면, 진주냉면, 승소냉면. 올여름 당신의 선택은? | “시원한 여름별미 - 냉면” (KBS 20110728 방송)",2021-08-17,50,139684,1322,150
01Z0ohFb2sY,"[한국인의밥상★풀버전] 해삼, 전복, 성게가 풍부한 홍도! 섬 사람들의 홍합밥부터 성게알비빔밥까지 ""홍도 삶의 위안을 품다 해삼과 전복"" (KBS  120628 방송)",2021-08-12,51,440398,3792,141
HXXdabXzdGs,[한국인의밥상★풀버전] 전주비빔밥부터 물갈비까지! 맛으로 둘째가라면 서러운 전주 속으로 “뚝배기보다 장맛 전주는 맛있다” (KBS 140828 방송),2021-08-10,51,302259,2615,202
N5Q09IyhryQ,"[한국인의 밥상] 민어회부터 노랑가오리찜까지! 싱싱한 낙월도 밥상 “그 섬에 살다, 낙월도” (KBS 210805 방송)",2021-08-09,16,68339,495,51
r7KdFd7UZqI,[다큐온] 🍃 '감나무잎 한 장도 허투로 쓰지 않는다' 산중 자연에 순응하며 살아가는 스님의 삶 | “암자의 여름” (KBS 210730 방송),2021-08-06,29,440166,6193,215
5WsGlNfD6as,[한국인의밥상★풀버전] 쫄깃하고 고소한 식감으로 인기 높은 갯장어가 돌아왔다! “펄떡이는 바다의 힘을 먹는다 고성 갯장어” (KBS 140821 방송),2021-08-05,51,177945,1167,131
Beyc-ZewZls,[한국인의밥상★풀버전] 삼복더위 속 겨울을 품은 밀양에서 맛보는 차가운 맛! “얼음골의 비밀 밀양 냉음식” (KBS 140731 방송),2021-08-03,52,111840,870,61
i4NgrHpaaK0,"[한국인의밥상★풀버전] 여름철 별미, 시원하고 구수한 도토리묵밥과 탱글탱글한 도토리묵무침까지! “한 그릇 잘 먹었습니다 묵” (KBS 150820 방송)",2021-07-29,51,122512,1087,51
2LaRDRHtcjk,[한국인의밥상★풀버전] 화순의 대표 보양식 흑염소 수육부터 고소하기로 둘째가라면 서러운 검은깨강정까지! “검은색이 좋다 화순 밥상” (KBS 150827 방송),2021-07-27,51,115385,896,111
Rjl-eeEvpp8,"'신궁의 나라' 대한민국이 가능했던 이유는? 사라진 무인들의 활, '정량궁'을 복원하다! | 다큐멘터리 “활” (KBS 170128 방송)",2021-07-26,49,876864,10380,999
J6-Kp__3I-k,[한국인의밥상★풀버전] 깊은 산속 계곡에서 즐기는 시원한 여름별미 “그 계곡엔 가재가 산다 - 의령 한우산 여름 밥상” (KBS 140807 방송),2021-07-22,51,153734,1162,67
czr1cop4XYA,"인류 필수품 옥수수를 둘러싼 전쟁 | 식자재부터 바이오 연료까지- 세계 경제를 움직이는 옥수수 가격, 누가 결정하는가 | KBS 대기획 “옥수수 전쟁” (KBS 081116 방송)",2021-07-22,57,393851,4968,423
f21cxjSPPd4,"내장젓갈부터 훈제구이까지, 임금님 밥상에 오르던 귀한 고등어밥상! | 해양특별기획 고등어 2부 “천년의 밥상 국민 생선 고등어” (KBS 141106 방송)",2021-07-21,49,138528,1032,156
Hw_TdQbq8W0,"[다큐3일★풀버전] 매번 검문검색을 받아야 농사를 지을 수 있는 사람들 | “잃어버린 시간을 찾아서, 동해안 최북단 마을 명파리” (KBS 130721 방송)",2021-07-21,42,1065655,4508,457
brBHrw9YQ0I,쌀 자급국이었던 필리핀과 아이티가 식량주권을 잃고 생긴 일 | KBS 대기획 “쌀을 포기한 대가” (KBS 081115 방송),2021-07-21,57,2220311,18820,4377
p3A65in6X44,"[한국인의밥상★풀버전] 민어 등뼈회부터 강달이 젓갈까지! 섬사람의 지혜가 담긴 남도 해상파시 밥상 | ""고기떼 마을을 만들다 남도 해상파시"" (KBS 150806 방송)",2021-07-20,51,226994,1451,87
NjzmFwqpxoE,"[다큐3일★풀버전] 쫄면, 닭강정, 오색만두! 새로운 먹거리 탄생지 “맛있는 인생 인천 신포 국제시장” (KBS 150809 방송)",2021-07-14,47,562976,3385,272
ybAnT6N2-IE,"[한국인의밥상★풀버전] 여름 더위 잊게 해주는 시원한 오이 요리 모음집 ""더위를 부탁해 칠곡오이"" (KBS 150709 방송)",2021-07-13,51,200949,1935,101
oKBEBSZEdi8,"미슐랭 레스토랑 피에르 가니에르, 쓰지 요시키가 논하는 한식의 세계화 “주방의 철학자 한식을 논하다” (KBS 090712 방송)",2021-07-13,57,94867,1219,159
onC3gY5JtQA,"홍콩 차찬텡부터 뉴욕 푸드트럭, 조지아 와인까지- 도시의 삶 속에 깃든 인간과 음식 이야기! 이욱정 PD의 요리 인문다큐 | 요리인류 “도시의 맛” (KBS 160630 방송)",2021-07-12,53,115926,1489,110
esE567ohsOM,"1964 올림픽을 유치한 기시노부스케. 외손자 아베가 기획한 2020 올림픽. 다시 날아오를 수 있을까? | ""피크재팬-두번의 올림픽"" ( 210708 방송)",2021-07-09,41,123321,1509,564
YqkeP8faFsU,"[다큐온] 여전히 기억해야할 22개국 참전용사를 기리며... “70년의 기억, 치유와 평화, 2부” (KBS 210704 방송)",2021-07-09,35,80280,1181,109
kzMDzYG07wA,[한국인의밥상★풀버전] 7월 11일 다가오는 초복에 뭐 먹지?! “여름을 이기는 매운 맛의 힘” (KBS 150723 방송),2021-07-08,51,131167,1008,68
dUdyUU1ju14,"에너지 대전환 시기, 🇰🇷대한민국 수소 기술력은 세계를 선도할 수 있을까? | 기초 과학이 세상을 바꾼다 1편 “원소기호 H” (KBS 210704 방송)",2021-07-07,33,423216,6656,555
PnIVCnEaoZM,[4K FULL]  중국 공산당과 월스트리트의 금융자본. 그 밀월 관계의 역사와 전망은? | KBS 다큐 인사이트 - 붉은 자본주의 2부 “월가로 간 공산당” 210701 방송,2021-07-02,48,419545,7027,879
yLMJyDLeuUY,"500년간 맨몸으로 상어를 잡아온 사람들 “인도네시아 카양간, 상어를 기다리는 마을” (KBS 100113 방송)",2021-06-29,43,1814791,8108,584
v0mP_U4MrQY,[4K FULL] 알리바바 창업주 마윈 실종사건. 공산당과 자본은 어떻게 공생해왔는가 | KBS 다큐 인사이트 - 붉은 자본주의 '마윈과 붉은 자본가' 210624 방송,2021-06-26,48,942980,12015,1320
kfG6IoBVgso,"🌱풋풋했던 한혜진 '월클' 모델시절 👠뉴욕컬렉션 밀착 취재! (feat.강승현) | 수요기획 “거침없는 그녀들, 뉴욕을 날다” (KBS 081022 방송)",2021-06-23,28,858748,7379,490
csscIROLQJ8,[KBS스페셜] 여전히 끝나지 않은 후쿠시마 원전의 상처 “일본 대지진 1년 후쿠시마의 겨울” (KBS 120226 방송),2021-06-23,58,473238,3506,506
gNW_gFpg_Yg,[다큐인사이트★선공개 4K] 마윈 실종설의 실체는? 중국 공산당과 자본의 기묘한 공생관계! 중국 공산당 100년 기획 “붉은 자본주의” 2부작 (KBS 방송),2021-06-23,8,141352,1483,298
EpP8T-yQVtg,[한국인의밥상★풀버전] 콩국수부터 비빔국수까지! 후루룩 한입에 여름 더위 물리치는 냉국수 모음 “차가운 한 그릇의 유혹 냉국수” (KBS 160707 방송),2021-06-22,47,180318,1461,78
rry4HzJd9P4,"[한국인의밥상★풀버전] 톡 쏘게 맵고, 설탕보다 단 양파의 변신! “팔색조 매력 양파밥상” (KBS 140619 방송)",2021-06-17,51,163291,1281,67
dYF_SMudutk,"기득권의 탐욕과 권력집중이 부국을 무너뜨린다! 로마, 베네치아, 베네수엘라는 어떻게 몰락했는가? | ≪부국의 조건≫ 2부 “탐욕의 대가” (KBS 140102 방송)",2021-06-15,47,998455,10260,1130
ydpWAMqGixk,목숨을 걸고 황금강의 전설을 일구는 사람들 | “아프리카 니제르강 2부작 - 황금강의 전설” (KBS 100616 방송),2021-06-15,47,399600,2867,98
iY52Prknzlc,[한국인의밥상★풀버전] 부부간의 정을 오래도록 지켜준다는 ‘정구지’ 뿌리부터 꽃까지 버릴 부분 없는 부추의 변신!|“청춘을 돌려다오 경상도의 힘 부추” (KBS 140501 방송),2021-06-15,51,149290,1264,78
jQg6achJl1o,미국과 멕시코 두 나라로 갈라진 도시 노갈레스! 무엇이 부국과 빈국을 결정하는가? | ≪부국의 조건≫ 1부 “갈라진 도시” (KBS 140101 방송),2021-06-14,48,1354305,12215,1845
612cEPpA_u8,[다큐3일★풀버전] 말 생산에서부터  혈통관리까지! 대한민국 말산업의 미래를 만들어가는 곳 | “말 달리자 제주 경주마육성목장 72시간” (KBS 161106 방송),2021-06-11,52,184772,1375,116
ALeqiVSqxPo,"FRB를 비롯해 미국의 정치 경제 언론 예술계를 뒤흔드는 유태인들! 유태인 파워의 공공연한 비밀, 막강한 로비 | 세계탐구기획 ≪유태인≫ 2부 (KBS 091213 방송)",2021-06-08,57,489288,7017,559
yOH-WbpTqwQ,"미국의 성공 뒤에는 유태인이 있다? 토론과 질문으로 교육하는 유태인 성공 비결 | 세계탐구기획 유태인 1부 “0.2%의 기적, 유태인 성공의 미스터리” (KBS 091206 방송)",2021-06-07,57,435398,7196,753
e-TSOGv-6J4,"[4K FULL] 팬데믹 후, 달러 패권은 유지될 것인가? 무제한의 달러가 불러올 위기의 ‘시그널’을 주목하라! 다큐인사이트 “팬데믹 머니” 2부 (KBS 210603 방송)",2021-06-05,49,745048,13352,1362
Woo1jN4l1oA,"2008 금융위기 이후 미국 경제 심층 분석 다큐! 소로스, 스티글리츠, 쉴러, 루비니 등 경제 거장 총출동 | “위기의 달러 제국” (KBS 080504 방송)",2021-06-04,55,207937,3107,250
fj-80eO3xUc,바다는 참치 전쟁 중! 참치 양식을 위한 도전 | “참치길 4천Km 술라웨시에서 제주도까지” (KBS 110618 방송),2021-06-01,45,392547,1705,67
8g014fj6smI,"[4K FULL] 팬데믹이 불러온 기이한 돈의 세상! 윤종훈의 다큐인사이트 “팬데믹 머니” 1부 | 무제한 양적완화 실험, 성공할 수 있을까? (KBS 210527 방송)",2021-05-28,48,1312023,20644,1479
b2nN1q9w45w,[한국인의밥상★풀버전] 돼지갈비에 새우젓을 넣고 끓인 젓국갈비. 강화도 토속밥상 총집합! | “강화 나들길 밥상” (KBS 160623 방송),2021-05-27,47,112721,880,65
Utony6pv3gM,영하 30도❄️ 바이칼 호수 추위에 맞서는 어부와 시베리아 열차 기관사가 되고 싶은 시골 소년의 삶 | “바이칼 소년의 꿈” (KBS 101020 방송),2021-05-24,45,682875,4253,218
AZh3BcwvIoY,"세계 3대 트레일 ‘존 뮤어 트레일' 경이로운 대자연의 길! ""빛의 길, 시에라네바다를 걷다! - 존 뮤어 트레일 358km""  (KBS 101103 방송)",2021-05-17,47,158013,1635,102
UMYqxXMOD5o,[한국인의밥상★풀버전] 잘 익은 열무김치 하나면 열 반찬 부럽지 않다! 입맛 잡는 시원한 여름 김치 | “밥상의 숨은 고수 여름 김치” (KBS 150612 방송),2021-05-13,46,459904,3514,151
_HA32OxBTeU,"[명작다큐] 페루 앞바다의 비밀을 발견한 훔볼트! 훔볼트 해류, 훔볼트 오징어, 훔볼트 펭귄.. 그의 발견은 어디까지?!  | 훔볼트 로드 3부 (KBS 140627 방송)",2021-05-11,46,235563,2614,111
9_JojY06aOk,동료들이 말하는 배우 윤여정 | KBS 다큐인사이트 - 윤여정 210429 방송,2021-05-10,31,205538,2622,126
LiWBe3_R5DM,"[다큐온] 거제도 바닷가 황무지 야산을 일구어 비밀의 정원 공곶이를 만든 노부부의 이야기 | “아흔하나, 꽃보다 할배” (KBS 210430 방송)",2021-05-07,28,633640,7800,246
dyccH9r2YX8,성인 뇌의 80%까지 성장하는 영유아기! 아이는 부모의 '애착육아'를 바라고 있다!| KBS 파노라마 “세 살의 행복한 기억” (KBS 140227 방송),2021-05-06,47,2295333,27666,2118
I-jAe9Yqej4,"바다 같은 아버지를 닮은 울릉도 밥상, “가정의 달 기획 아버지의 의자 울릉도 밥상” (KBS 160505 방송)",2021-05-04,47,220629,1639,101
fTNyHwWoPa8,"""숨참고 프리 다이브!"" 세상에서 가장 고요한, 극한의 수중 스포츠 | 그랑블루, 바다로 간 사나이 (KBS 130806 방송)",2021-05-03,39,215915,1545,101
3Xjl33qwWn8,새로운 바다 경작법으로 꿈꾸는 미래 바다의 모습 | “10년의 도전 바다목장” (KBS 081026 방송),2021-04-30,57,829517,5511,294
E9ahtwCaoW8,[한국인의밥상★풀버전] 우럭찜부터 광어전까지! 한국인 입맛에 딱 맞는 쫄깃한 식감의 광어와 우럭! | “국민 횟감 납시오 광어와 우럭” (KBS 160428 방송),2021-04-29,47,252783,1470,173
-_ZSWELtUi8,[한국인의밥상★풀버전] 임진강에서 맛보는 황복! 황복찜부터 수육까지~미식가들이 인정하는 쫄깃한 황복의 맛! | “임진강의 귀한 손님 황복이 돌아왔다” (KBS 160513 방송),2021-04-27,46,108744,774,135
v_HAGHQZEtU,"고래상어와 바다청년의 기적같은 우정🐋 필리핀 작은 바다 마을에 찾아온 고래상어들! 이들의 앞날은..? | “고래상어, 바다청년과 친구가 되다” (KBS 131004 방송)",2021-04-27,48,140177,1206,99
RDBjqPpc32w,"[다큐인사이트] 🌸가드닝을 꿈꾸신다면? 이 아름다운 '들꽃 정원'을 소개합니다 | “인생정원 1편, 아내의 정원” (KBS 210422 방송)",2021-04-27,29,1429495,17853,1756
z1mAwPFo4gc,은퇴 후 나의 삶을 계획하다! 퇴직 쇼크를 맞는 위기의 베이비 부머(2012) | “위기의 베이비부머 퇴직쇼크” (KBS 120610 방송),2021-04-26,58,378880,2685,331
iQCt22MRtqk,체르노빌 원전사고 그 후.. 현지 밀착취재 ☢️  참사 35주년에 다시보는 25주년의 기록 | “방사능은 국경이 없다” (KBS 110607 방송),2021-04-24,47,703255,5731,1056
ZhmP8MBCk8M,[다큐온] 바쁜 삶에서 벗어나 나만의 정원을 가꾸며 살아가는 세 사람의 이야기 |  “세 여자의 정원” (KSB 210416 방송),2021-04-23,29,255543,2151,48
x1Qpw5O2roE,"거대한 유빙과 살인적인 눈폭풍을 뚫고 세계최초 베링해협 횡단에 성공한 대원들의 사투 | ""대륙의 다리를 건너다"" 극한 도전 베링해협횡단 2부 (KBS 120613 방송)",2021-04-21,42,119742,1931,208
KhjWGKS1uBk,[한국인의밥상★풀버전] 꽁치회부터 꽁치 과메기까지! 국민생선 꽁치가 채워준 우리네 밥상 이야기 | “얕보지 마라 국민 생선 꽁치” (KBS 140523 방송),2021-04-20,46,473545,2899,331
j1cSKw9hb3M,베링해협 횡단에 세계최초로 성공한 홍성택 팀이 벌인 5박 6일 180km 사투 | “대륙의 다리를 건너다 극한의 도전 베링해협횡단 1부” (KBS 2012.06.06 방송),2021-04-20,43,115586,1798,200
NamBj-NgRSw,"달과 화성, 태양을 넘어 카이퍼벨트 인터스텔라까지! 아폴로, 보이저, 카시니 등 | “우주탐사 60년 신비로운 태양계” (KBS 181101 방송)",2021-04-19,29,709312,5297,300
ddhmxKMu9b0,[한국인의밥상] 28년 경력 벚굴잡이의 자연산 벚굴 밥상 | “또다시 흐른다 - 섬진강의 봄날” (KBS 210415 방송),2021-04-19,12,69508,370,104
rYE6aMKnXK8,[한국인의밥상★풀버전] 더워지기 시작하면 생각나는 그 맛! 평양냉면의 매력 속으로 | “백년의 유혹 평양냉면” (KBS 150626 방송),2021-04-15,46,200041,1652,262
Wpdrx5JGZwY,"[한국인의밥상★풀버전]  붕어로 만든 최고의 보양식, 붕어술국부터 쏘가리, 잉어까지! “열 바닷고기 안 부럽네 - 충주호 산중어부 밥상” (KBS 160519 방송)",2021-04-13,42,270211,1530,236
Mw7ocDhv8Tw,천념의 섬 비양도에서 벌어지는 한여름 꽃멸과의 한판승부 | “제주 비양도 꽃멸이 돌아왔다” (KBS 160821 방송),2021-04-13,51,200266,1072,44
uIfrStVjCDM,[한국인의밥상] 황복이 선사하는 ‘죽음과도 맞바꿀 맛' 그 쫀득한 식감 속으로! | “함께라서 좋다 – 봄날의 단짝” (KBS 210408 방송),2021-04-12,12,118612,681,93
HM35B_nYuLU,"[다큐온] 수리부엉이의 최대 서식지이자, 돌아온 수달의 보금자리, 시화습지 밀착탐사 |“시화습지의 겨울나기” (KBS 210402 방송)",2021-04-09,29,327706,3334,183
6kmLajzuFr8,[한국인의밥상★풀버전]  염소구이부터 산메기까지! 지리산이 내어준 귀한 식재료들의 향연 | “지리산 야생의 진수성찬” (KBS 150515 방송),2021-04-08,46,519011,2704,193
BZ1w_vp7nX4,라오스 오지마을을 다니며 생명을 선물하는 닥터고의 이야기 | “콥짜이라이 고마워요 닥터고” (KBS 121128 방송),2021-04-07,48,263671,3451,243
-2FUyuftaxs,[한국인의밥상★풀버전]  벚꽃 아래 풍류가 흐르는 남도 밥상 속으로! 밥상이 술상이고~술상이 밥상이라 | “꽃에게 길을 묻노니 남도 풍류 밥상” (KBS 150423 방송),2021-04-06,52,131812,893,65
9bZzwQtoZBE,세계 유일! 합법적인 전통식 고래잡이로 생계를 꾸려가는 사람들 | “라마레라의 고래잡이” (KBS 090610 방송),2021-04-02,43,520922,3107,247
YybUZT9qWiY,"끼인 세대! 베이비부머 아버지들의 끝없는 자식 걱정 ""집부터 사라고!"" ""대출 받아도 못 사요!"" 아들의 방을 내어두고 기다리는 아버지의 내(內)사랑 (KBS 170929 방송)",2021-03-31,28,466543,3427,842
DrzAeol2Uoo,[다큐3일★풀버전] 배 한 척을 탄생시키기 위한 수천 명의  장인들 | “8000조각으로 띄우는 꿈 조선소 72시간” (KBS 100110 방송),2021-03-31,46,2689631,14287,1136
4hkqzyOw_ng,[한국인의밥상★풀버전] 두릅 부각부터 두릅 전까지! 귀한 두릅이 선사하는 향긋한 봄 나물 밥상 | “산나물의 황제 두릅을 만나다” (KBS 150501 방송),2021-03-30,47,227507,1755,144
249zCtKgEEk,[다큐온] 블랙홀부터 전파망원경까지! 우리가 모르는 우주의 세계 | “별에 빠지다” (KBS 210 319 방송),2021-03-26,30,330856,2761,202
Ni95KrLKkE4,2050년 바다엔 물고기보다 플라스틱이 많다? 💡플라스틱을 줄이기 위한 기발한 노력들! | 플라스틱 지구 2부 “굿바이 플라스틱” (KBS 180706 방송),2021-03-25,29,93247,1457,190
sEHtdUEKMZA,[한국인의밥상★풀버전] 짱뚱어애구이부터 망둥이회다진양념까지! 갯내음 가득 품은 짱뚱어와 망둥이 | “벌교 갯벌의 귀한 선물 짱뚱어와 망둥이” (KBS 150917 방송),2021-03-23,51,434853,2357,489
ySTl1sp7ejk,10년 전 다문화 학교에서 만난 친구들.. 지금은 어떻게 지낼까? ‘다문화 사회’ 대한민국의 이면 | KBS 스페셜 “10년 후 동창생” (KBS 190829 방송),2021-03-21,22,1777506,20446,6181
PswobOdYaDE,[다큐온] 고추냉이 키우는 초보농사꾼 세 남자의 달고 쓰고 매운 농사 이야기 | “산골짝의 세남자” (KBS 210312 방송),2021-03-19,28,252570,1452,597
EYUStxfxKuQ,[한국인의밥상★풀버전] 오리목살구이부터 오리탕까지~ 기력 회복 오리밥상 총집합! | “올 여름도 건강하소 전남 오리밥상” (KBS 150611 방송),2021-03-18,51,144384,1049,81
2RETu5OqCWA,🐟하와이 인근 해양 플라스틱 쓰레기 지대 탐사 동행취재- 미세 플라스틱에 신음하는 바다 생태계 | KBS 스페셜 “북태평양 쓰레기 지대를 가다” (KBS 190919 방송),2021-03-12,21,179468,1367,334
zi_Gut9wok8,"술을 마시면 왜 얼굴이 붉어질까? 농경과 목축의 시작, 그리고 음식의 변화가 가져온 인류 발달의 변천사 | 음식과 진화 2부 “농부가 된 인류” (KBS 130131 방송)",2021-03-10,46,117969,1077,95
VcIKFtjqcVY,생존과 번식을 위한 인류의 선택! 음식으로 살펴 본 인류의 대여정- 음식과 진화 1부 “요리하는 유인원” (KBS 130124 방송),2021-03-09,48,80517,895,113
WMRQX3opWFA,[한국인의 밥상] 한국인 최초 미국 공영방송 출연한 소리꾼 이희문과 어머니 고주랑 명창 | [500회] 기획 “뿌리 깊은 나무 그리고 밥상” (KBS 210225 방송),2021-03-01,11,282562,2939,90
wkonCmmYJ2k,"[본방★핫클립] 물건 하나에 삶 하나! 유해진이 만나고 체험하는 '명작' 수제 시계와 구두 (feat.현광훈, 테리 킴) | 핸드메이드 2회 (KBS 210221 방송)",2021-02-24,29,75313,885,85
pCt8Td0Lo1Y,"[다큐3일★풀버전] 푸근하고 정겨운 대표 5일장! | “강원도의 힘, 정선 5일장” (KBS 130609 방송)",2021-02-24,42,1521156,10862,486
pCt8Td0Lo1Y,"[다큐3일★풀버전] 푸근하고 정겨운 대표 5일장! | “강원도의 힘, 정선 5일장” (KBS 130609 방송)",2021-02-24,42,1521156,10862,486
t9hZv5tnTS4,뇌가 보이는 물고기 ‘배럴아이’부터 ‘발광해파리'까지! 고화질로 만나는 심해의 신비 | “최초 탐사 남태평양 심해를 가다” (KBS 110605 방송),2021-02-23,58,4593092,30907,2645
PLRXQjRCclA,자연과 벗하며 '진짜' 행복하게 사는 고택지기 부부의 삶 “너브실 고택에 행복한 부부가 산다” (KBS 140920 방송),2021-02-22,42,296185,2206,130
xRkd8Zzy4_o,[다큐온] 이미 가진 것에 감사하는 힘 | “감사가 뇌를 바꾼다” (KBS 210212 방송),2021-02-19,27,234410,3921,240
_HXkaT-UQ7E,"대한민국 최초의 남극 쇄빙선 아라온호! 40일간의 첫 항해 밀착 다큐 “쇄빙선 아라온, 남극의 바닷길을 열다” (KBS 100317 방송)",2021-02-18,43,430226,3272,121
g8WSpKp-uOI,"[본방★핫클립] 유해진 금손 인증? 수제 가구&amp;안경 만들기에 도전한 이케요 참바다 업동이,, 아니,, 유해진! (feat.고범석, 김종필) | 핸드메이드 KBS 210214 방송",2021-02-17,29,168859,2144,165
aW7Untseq80,백령도에 백상아리가 나타났다?! 한반도를 위협하는 1˚C의 비밀 | KBS 스페셜 “백령도 백상아리의 미스터리” (KBS 100919 방송),2021-02-17,58,2076994,8005,1579
Qcr42xxXOjA,"[김영철의 동네 한 바퀴] 순창 오일장의 명물, 시장 중국집＆60년 전통 연탄불 유과 | “설특집 복스럽다 그 동네 - 전북 순창” | KBS 210213 방송",2021-02-17,10,280375,1734,280
Xg7WXBlc8QU,"[ENG SUB] 김치도 한복도 아리랑도 한국 고유의 문화유산! 아리랑 유네스코 인류무형유산 등재 당시 취재 다큐 ""아리랑, 세계를 품다"" (KBS 121209 방송)",2021-02-16,57,379755,5808,859
6qCmPKbGgTI,[ENG SUB] [4K LIVE] 실감 파노라마 한반도 자연유산 1부 “백두대간 꽃자리” (KBS 210211 방송),2021-02-11,53,222777,2396,118
CQP-Zum45xQ,보고 나면 왠지 영어 잘하게 될 것 같은 마법 영상! 박나래를 영잘로 만든 놀라운 실험! 영어 잘하는 방법은 우리 마음 속에 있습니다. 마음속에만..(KBS 111218 방송),2021-02-05,56,1476354,17348,1562
9BSDq1VVsfk,우주 강국을 향한 위대한 첫 발! 대한민국 최초의 우주발사체 나로호 KSLV-Ⅰ꿈과 도전의 기록 (KBS 090906 방송),2021-02-04,55,70735,662,61
jgIULQ37Dp4,뚜렛증후군을 아시나요? | KBS 다큐 인사이트 - 청춘기획 1편 아임뚜렛 210128 방송,2021-02-02,28,957399,11882,1763
vzPnKn6EGGY,최근 세계 자동차 판매 1위 탈환한 도요타의 역대 최악 리콜사태 당시 밀착 취재 다큐 (KBS 100321 방송),2021-02-02,58,1249789,7662,1407
SbcV87fBpNc,"[한국인의밥상] ‘칼의 노래’ 김훈 작가와 함께 떠나는 18세기 ‘진짜 한식'의 세계 | “10주년 특별기획 제4편-옛 것이 새 것이다, 대한국민의 밥상”",2021-02-01,25,148875,1459,136
So4vnEi9-dU,🇫🇮 🇫🇮  원래 핀란드가 가난한 나라였다고? 한때는 정말 잘나갔던(?) 북유럽 대표 핀란드의 성공 비밀- 교육 (KBS 101114 방송),2021-01-29,46,133932,1367,170
MkQCNhPh11A,"생명이 존재하는 외계 행성을 찾아라! ★ 사이언스 대기획 - 외계생명체 2부 ""모두 어디에 있을까?” (KBS 130117 방송)",2021-01-28,58,3218010,13820,1096
1bisaiEEXwg,[ENG SUB] ★선공개★ 뚜렛증후군 환자들이 직접 말하는 ‘아임뚜렛’ | 다큐인사이트 청춘기획 1화 “아임뚜렛” (본방송 목요일밤 10시 KBS 1) (KBS 방송),2021-01-27,6,1542203,12550,3177
Yx-Y01tAtQw,"[다큐3일★풀버전] 새 생명을 이어가는 장기이식센터 72시간 밀착 취재 | “선물, 장기이식센터 72시간” (KBS 090110 방송)",2021-01-26,47,639052,4282,424
rf5rP1PU3J4,"[한국인의밥상] 김혜수가 차리는 마음 가득 밥상, 10년 동안 한국인의 밥상을 이끈 시청자들의 이야기| “10주년 특별기획 제3편-여러분, 고맙습니다” (KBS 210121 방송)",2021-01-26,24,77240,800,68
kEdDoJWdXkk,"[ENG SUB] [한국인의 밥상 ★풀버전]따뜻한 흰밥 위에 김 한 장 싸먹으면 와사삭 꿀맛! 세계인의 입맛을 사로잡은 김-“김 한 장, 삶의 무게를 품다”(KBS150312방송)",2021-01-20,51,134538,1211,139
vnrrBac4vsk,"[김영철의 동네 한 바퀴] 장승포 3대가 이어가는 70년 노포, “피란민 할아버지의 중국집” | “그 마음에 스며들다 – 경남 거제” (KBS 210116 방송)",2021-01-20,8,168678,1297,145
wWXELzaXwfk,IQ 측정불가! 11살 대학생 천재소년은 어떻게 교육을 받고 있을까? 천재 남매를 둔 부모의 교육법 (KBS 020407 방송),2021-01-18,57,8140772,61877,5237
uxbWqsjivJ4,"[한국인의밥상] 배우 김혜수, 아내 김민자가 준비한 최고의 상, 밥상! | “10주년 특별기획 제2편-수고했어요, 그대”(KBS 210114 방송)",2021-01-18,14,389729,2702,248
hamWXdac5ew,"[한국인의밥상] 특급스타들이 보내는 축하 영상부터 가슴 뭉클하게 만든 (찐팬) 시청자 축하 영상까지! | “10주년 특별기획 제2편-수고했어요, 그대” (KBS 210114 방송)",2021-01-18,10,129514,1292,187
kVL8NncV5Yk,"[ENG SUB] 사막에서 설산까지 캐나다와 미국을 오가는 초장거리 트럭커 ""디젤집시의 대륙횡단기"" (KBS 200207 방송)",2021-01-15,27,1864312,16689,1642
RsRPzBomOJg,"*임시 비공개*[다큐3일★풀버전] 갓 태어난 아기가 잠시 쉬어 가는 곳, 영아 일시 보호소 | “엄마라는 이름으로 - 광주 영아 일시 보호소 72시간” (KBS 090606 방송)",2021-01-12,43,2597544,22706,3375
LVyKaJ6bNR0,[ENG SUB] 전세계 취재! 코로나19가 불러온 거대한 변화의 소용돌이 - 신년특별기획 [코로노믹스] 3부작 연속보기 (KBS 방송),2021-01-06,144,506978,6273,1054
DTE3oymdnok,"⚾️ 거인 최동원의 불같은 강속구! 그가 던진 것은 뜨거웠던 인생이었다 | KBS 스페셜 “무쇠팔 최동원, 인생을 던지다“ (KBS 110925 방송)",2021-01-05,58,1050419,6722,1295
fsEFDZQawYs,"[한국인의 밥상★풀버전] 가벼운 호주머니, 평범한 내 인생의 소울푸드 | “한 그릇의 위로 - 돼지국밥” (KBS 151210 방송)",2020-12-30,51,2831505,18569,2740
ILr2xlqLqnI,[다큐3일 ★풀버전] 최전방 양구 펀치볼 마을의 겨울나기 (KBS 100124 방송),2020-12-28,44,357681,2201,235
DRcxEMp49Fc,전염병을 극복하기 위한 도시의 조건은 바로 이것?! 유현준 교수와 함께하는 도시 탐구 여행 | 도시와 인간 1부 “팬데믹 시티” (KBS 201220 방송),2020-12-28,23,88695,1070,43
z4IPHXp2Atw,[한국인의밥상] 상어 껍질 두치부터 상어 고기 돔배기까지! 제사상에 오르던 귀한 음식~상어 고기 납시오! | “겨울이 따스하다 - 울 엄마 곰삭은 맛” (KBS 201224 방송),2020-12-28,12,62729,367,64
QV9TdWdd6v0,"[FULL] ""원래는 죽일 생각은 아니었습니다..."" | KBS 다큐인사이트 - 성여 1부 201217 방송",2020-12-22,48,410273,7210,1927
70T6eYP0Gqo,[한국인의 밥상 ★풀버전] 아귀야 아귀야~ 왜이리 맛있니! 뜨거운 겨울 바다의 추억 - 아귀 (KBS 120209 방송),2020-12-18,52,419872,2535,310
9xClq3IwBb4,한미일 부동산 시장 밀착 취재! 이상과 현실 사이 냉정하게 따져본 아파트 불패 신화 | KBS 스페셜 “아파트 과연 불패인가” | 부동산 밀착 다큐 5탄(KBS 181213 방송),2020-12-17,51,297733,2438,653
MPjj75Q5WAM,[다큐인사이트] 장례지도사가 있기에 이 세상 외로운 죽음은 없습니다 | “너의 장례식을 응원해 2부” (KBS 201210 방송),2020-12-15,6,764762,5214,547
VTQWV1hfNo0,[한국인의밥상] 진천 숯 굽는 부자(父子)가 구운 진짜배기 숯불 한상 | “불타오르다-이것이 겨울 불 맛!” (KBS 201210 방송),2020-12-14,11,264355,1218,192
8ddcAUtIQ_c,"[다큐인사이트] 소중한 사람을 보낸 날, 장례지도사가 되기로 결심했습니다 | “너의 장례식을 응원해” (KBS 201203 방송)",2020-12-08,11,277864,2145,236
reqpD-gnpx0,[지식다큐 링크] ↗️우상향 코스피 그래프의 유혹🍭 나도 주식 한번 해볼까? 밀레니얼 3인방의 주식 투자 대탐험! | ep.2 “돈은 잠들지 않는다” (KBS 201206 방송),2020-12-08,48,172572,1972,429
QFdHQeH1aQQ,"[FULL] 더 화려하게 옛날의 모습으로 돌아온 숭례문, 복구현장 밀착취재 (2부) | KBS 특별기획 - “숭례문 1911일의 기록” (KBS 130501 방송)",2020-12-04,46,233840,2240,322
75xSxE35f9Y,"[명작다큐] 새끼를 낳기 위해 7000km를 이동하는 고래의 신비 | [위대한 여정] 4부 “바닷길의 신화, 고래” (KBS 080130 방송)",2020-12-02,41,687755,4842,278
jZLYDPikgLw,[영상앨범산] ‘잃어버린 공중도시’ 미스테리한 마추픽추로 떠나는 산행 |  “잃어버린 문명의 길 페루 마추픽추” (KBS 120507 방송),2020-11-30,27,789831,7360,232
At0rmskPl-U,"[명작다큐] 2500년 전 유교 사상이 현대사회에 던지는 화두! 문명대기획 인사이트 아시아[유교, 2500년의 여행]4부작-1부“인(仁), 사랑의 여정”(KBS 070526 방송)",2020-11-25,58,122323,1748,307
-bXCVxkZUE8,[전곡 공개] 치타 - 솔아 솔아 푸르른 솔아 | 다큐인사이트 전태일 50주기 특집 “너는 나다” (KBS 201112 방송),2020-11-16,4,1125263,8296,1453
AIhRA-y9npk,[지식다큐 링크] 두 아들 엄마 김나영의 본격 아들 걱정 프로젝트! 아들은 왜 그럴까? (feat.신우 이준이 브이로그)| 김나영의 21세기 소년ep.1(KBS 201108 방송),2020-11-13,7,141952,1665,64
2Bn08UkM9HY,[지식다큐 링크] 육아의 신이 내려주시는 은혜로운 가르침! 아들 상대하는 법 꿀팁 (feat.오은영) | 김나영의 21세기 소년 ep.1 (KBS 201108 방송),2020-11-13,8,538832,5231,270
LqMgYJgP7WA,★코앞이 북한! 최전방 끝판왕★ 공동경비구역 JSA 경비대대 밀착 취재! 최강 전투력을 유지하기 위한 실전 훈련 / 대성동 마을 / 판문점  (KBS 080628 방송),2020-11-10,47,4848584,24912,2812
WyqDogWffHs,"[한국인의밥상] 이효리 시어머니가 만드는 매력적인 자연 ‘껍질’밥상 | “버릴 것 하나 없다 – 어두, 육미 그리고 껍질” (KBS 201105 방송)",2020-11-09,13,332894,2085,113
aERmpGQnOp8,"왜 미국은 트럼프를 선택했나? 모두의 예상을 뒤집은 2016 미국 대선 밀착 취재 | KBS스페셜 ""아웃사이더 트럼프의 반란""(KBS 161110 방송)",2020-11-05,54,177384,2988,431
9Lg9hLYeMmw,[명작다큐] 강대국이 약탈해간 투르판의 동굴벽화를 되살리다 | 신 실크로드 2부 “되살아나는 천 년의 기억”  (KBS 051028 방송),2020-11-03,47,394941,4296,229
EKanMIzHxFo,[명작다큐] 종교예술의 극치 - 사막 속 大화랑 둔황 막고굴에 숨은 천 년의 비밀  | 신 실크로드 6부 “이름 없는 자의 무덤”  (KBS 060126 방송),2020-11-03,46,380317,4102,187
fioQnWyjmXE,[명작다큐] 고품격 아시아 문명사 다큐멘터리 - 新실크로드 10부작 (KBS-NHK-CCTV 공동제작) | 1부 “4천 년의 깊은 잠”  (KBS 051027 방송),2020-11-03,49,1293372,14103,683
H5goGrW6s3A,"[명작다큐] 돌궐 기마유목민족의 땅 실크로드에 남겨진 옛 영광의 흔적 | 신 실크로드 3부 “초원의 길, 바람의 민족”  (KBS 051029 방송)",2020-11-03,46,529512,6449,138
gFSLYuo5Kuo,[명작다큐] 타클라마칸 사막 아래 잠들어 있는 천 년 불교 왕국 호탄 | 신 실크로드 4부 “서역의 모나리자”  (KBS 051030 방송),2020-11-03,47,543350,5334,205
54CaMYwf1Rg,"[명작다큐] 동서양 문화의 교차로, 또 하나의 실크로드 청해의 길 | 신 실크로드 7부 “하늘의 실크로드”  (KBS 060127 방송)",2020-11-03,46,214616,2152,59
-WJHOXoDScM,"[명작다큐] 8세기의 뉴욕, 실크로드 국제도시 시안의 어제와 오늘 | 신 실크로드 10부 “시안, 영원의 제국”  (KBS 060302 방송)",2020-11-03,46,237379,2361,191
rvyIEKDLLvM,[명작다큐] ‘색즉시공 공즉시색’ 반야경 등 주요 불교경전을 번역한 쿠마라지바(구마라습)와 쿠차 왕국 |신 실크로드 5부 “동으로 간 푸른 눈의 승려” (KBS 060125 방송),2020-11-03,47,554895,6772,408
VyNbgxZNoaA,"[영상앨범 산]★올 것이 왔다★국내에서 가장 아름다운 산 1위, 설악산의 최고 경관 ‘공룡능선’ |“하늘 길, 바위능선에 새긴 우정 - 설악산 공룡능선”(KBS 170519 방송)",2020-10-29,24,378727,3125,195
1rkSmp3J2BE,★밀리터리 아카이브★ 육해공 한국형 첨단무기 개발현장 밀착 다큐! | 수리온 K2전차 천궁 홍상어 K11 (KBS 101002 방송),2020-10-22,58,8741670,57090,2518
xa2RBtdO3EU,[다큐 인사이트] 펭귄 보호를 위해 생태계 연구에 나선 세종과학기지 연구원들 (펭귄들~릴렉스) | “펭귄과 과학자” (KBS 201015 방송),2020-10-20,9,136780,1807,227
3WWsCAssVp0,"[명작 다큐] 미지의 땅 콩고의 대자연을 담기 위한 제작진의 분투 | 푸른 지구의 마지막 유산 콩고 3부 “미지의 땅 4,700KM를 가다” (KBS 110304 방송)",2020-10-17,43,213651,2613,116
HzhpHbJ6pJc,"[명작 다큐] 고릴라, 보노보 등 유인원들의 안식처 | 푸른 지구의 마지막 유산 콩고 2부 “킹고의 숲” (KBS 110303 방송)",2020-10-16,58,604771,3041,171
C0jKEDuDj8I,[Eng Sub] [명작 다큐] 콩고 강을 무대로 인간과 동물 대서사시! | 푸른 지구의 마지막 유산 콩고 1부 “모든 강을 삼키는 강” (KBS 110302 방송),2020-10-15,56,8863649,24984,912
GwGfa3eQISw,"한국어는 세계어가 될 수 있을까? 한국어의 가치를 '제대로' 인정받는 그날까지! | [위대한 여정, 한국어] 3부 (KBS 041017 방송)",2020-10-10,58,1335254,13807,1114
PWw8bgPFwY4,"한국어와 일본어는 어떤 관계? 민족의 운명을 좌우한 말의 힘 - 말은 민족을 낳고 | [위대한 여정, 한국어] 2부 (KBS 041010 방송)",2020-10-09,56,1066674,11460,1122
8cj8kni_wWw,"우리말의 기원을 찾아 장대한 여행을 떠나다! | 위대한 여정, 한국어 1부 ""말의 탄생, 산과 바다를 넘어"" (KBS 041009 방송)",2020-10-08,58,1424319,17559,1399
3W270K4eoLo,"[명작다큐] 냉전이 낳은 두 얼굴의 생태계. 산양, 멧돼지, 고라니의 DMZ 겨울나기 | 정전 60년 다큐멘터리 [DMZ] 4부 (KBS 130804 방송)",2020-10-03,48,734982,5425,385
CW2OD9FW4Ng,[명작다큐] 최전방 DMZ 1년의 기록. 혹한의 GOP 그리고 수색대 | 정전 60년 다큐멘터리 [DMZ] 1부 “금지된 땅” (KBS 130727 방송),2020-09-30,48,1642516,12367,2075
EneGCdNUHio,"[명작다큐] 지도 속에 숨겨진 대국굴기의 기억 - 열강들의 지도 전쟁 | KBS 대기획 [문명의 기억, 지도] 4부 “지도전쟁”  (KBS 120311 방송)",2020-09-28,58,138562,1528,202
JK18xpR1w8Q,"[명작다큐] 신대륙 발견의 도화선 프톨레마이오스의 지도- 세계지도에 숨은 문명 교류의 비밀 | KBS 대기획 [문명의 기억, 지도] 2부 “프톨레마이오스” KBS 120304 방송",2020-09-28,58,164872,1644,111
Q9S0A4wyp80,"[명작다큐] 100년 전 조선의 지도에 그려진 아프리카 대륙의 비밀 - 혼일강리역대국도 지도 | KBS 대기획 [문명의 기억, 지도] 1부 “달의 산” (KBS 120303 방송)",2020-09-28,57,599101,5840,401
MC-nMdw-zBU,"[명작다큐] 동서양의 운명을 바꾼 지도 한 장 - 프레스터 존의 전설 | KBS 대기획 [문명의 기억, 지도] 3부 “프레스터 존” (KBS 120310 방송)",2020-09-28,58,142034,1464,73
urHrNj0eqFE,조국의 하늘을 지키다 산화한 부자(父子) 조종사 - 끝나지 않은 비행 #박인철대위 #박명렬소령 (KBS 110604 방송),2020-09-24,45,486886,3681,355
lg3fgmxMz_c,"[명작다큐] 세상에서 가장 위험한 학교 가는 길 - 아빠와 아이들의 험난한 히말라야 얼음길 | 히말라야人 2부 학교가는 길, 차다 (KBS 140417 방송)",2020-09-23,48,189806,2078,174
Npj8m_j7-nc,"[명작다큐] 마지막 남은 천상의 유목민 창파족 | 히말라야人 3부 천상의 길, 창탕 (KBS 140417 방송)",2020-09-23,39,751662,4345,107
q5_0PYKhqUY,뇌수종을 앓고 있는 3살 소녀 [바다 건너 사랑] | KBS 200913 방송,2020-09-13,5,1401647,3558,445
Rt2qNlG8suM,"[명작다큐] 공부하는 인간 3부 - 질문과 암기 | 유태인의 학습법, 질문과 토론 (KBS 130314 방송)",2020-09-08,58,180811,2201,130
kRsxxLphGTM,[명작다큐] 공부하는 인간 4부 - 최고의 공부 | 토론 대화 질문 유태인 학습법 (KBS 130321 방송),2020-09-08,58,98915,1420,74
lNHDOt1flL8,"[20분 요약] 100년 전 우리나라의 모습을 담은 영상 발굴! ""김씨네 이야기"" | 현대사 아카이브 발굴 프로젝트 (KBS 200904 방송)",2020-09-07,23,995757,10435,728
w3gOB7JsgS0,"[KBS 명작다큐] 동아시아 생명대탐사 ""아무르 1부 - 초원의 오아시스"" (KBS 110406 방송)",2020-09-03,58,2942797,15477,556
3Im4yoWfhGY,"[KBS 명작다큐] 동아시아 생명대탐사 ""아무르 2부 - 타이가의 혼"" (KBS 110407 방송)",2020-09-03,57,955100,6509,207
cvsbC3DzCIk,하루아침에 길을 잃은 사람들/ 집을 잃을 위기에 처한 사람들 [제보자들] | KBS 200902 방송,2020-09-02,26,496395,1998,673
lhQQhhtpdm4,[아베 총격 피습] 비극적인 최후를 맞이한 아베 전 총리. 그가 꿈꾼 일본의 모습은 무엇이었을까? | 일본 살아나는가 - 1편 일본병 20년 (2015.7.2 방송),2020-08-28,53,159777,1612,348
Oa1cnInjgBE,지방흡입 받다 뇌사 cctv속 진실 [제보자들] 20200819,2020-08-21,3,4305449,20123,0
gcfSOHfKrJ8,[KBS 명작다큐] 바다의 제국 2부 - 부의 빅뱅 | 설탕이 가져온 대혁명,2020-08-18,52,365215,3444,328
Yc9Nnvb0JaU,[KBS 명작다큐] 바다의 제국 3부 - 뒤바뀐 운명 | 대영제국 산업혁명을 이끈 면직공업,2020-08-18,54,257327,2433,220
Ydo1uvmF9OM,[KBS 명작다큐] 바다의 제국 1부 - 욕망의 바다 | 대항해 시대의 시작을 알린 향신료 (후추),2020-08-18,54,944645,8171,709
LUplpG8221w,[KBS 명작다큐] 바다의 제국 4부 - 거대한 역전 | 차와 아편이 만들어낸 새로운 세계 질서,2020-08-18,54,227447,2391,226
anxt_Q1cAKE,★SART★ 공군의 수호전사 항공구조대! | 특수부대 초밀착 다큐 시리즈 11탄!,2020-08-12,42,510091,3302,443
N95MJ8pYHm4,[다큐3일] 산 자와 떠난 자의 대화 - 추모공원 72시간,2020-08-11,42,687651,4277,476
31_kfgMNz60,"우리 사회를 뒤흔든 질문... ""사랑에 빠진 게 죄는 아니잖아?"" [제보자들] 20200729",2020-07-29,13,1396497,6756,1341
Rc33AImV4Qw,"새로운 한옥마을, 은평 한옥마을 [김영철의 동네 한 바퀴]",2020-07-25,7,167067,1474,135
n5byuNOg3pQ,[풀영상] 이욱정 PD의 르 코르동 블루 체험기! 셰프의 탄생 | KBS 스페셜 (2012.4.1),2020-07-22,56,122844,1183,93
Q2d7OQBgpkc,[다큐3일] 강처럼 바람처럼 경북 영주 무섬마을 (풀영상),2020-07-13,43,1348904,7805,349
zjZ9kVF_n84,"KBS명작다큐｜요리인류 ｜위대한 진화, 김치 (1/2)",2020-06-24,26,99462,914,78
XrGNXO5tWMI,"[KBS명작다큐] 요리인류｜생명의 선물, 고기 (1/2) Food Odyssey",2020-06-21,22,349977,3559,368
50mH9vZzi0s,"KBS명작다큐｜요리인류 ｜생명의 선물, 고기 (2/2) Food Odyssey",2020-06-21,25,241453,1921,286
laZJyV9dy_c,"[ENG SUB] 개그우먼, 예능을 바꾸다. 시대를 바꾸다 ｜다큐멘터리 개그우먼 ｜다큐인사이트",2020-06-19,5,162369,7065,502
Z9hL395ey5c,"다재다능 송은이 , 그리고 별로(?)였던 김숙｜다큐멘터리 개그우먼 ｜다큐인사이트",2020-06-19,5,364570,7925,305
zRprFrYfelM,[ENG SUB] 여자 개그맨의 시작 ｜다큐멘터리 개그우먼 ｜다큐인사이트,2020-06-19,8,140415,4291,413
BBkcamAZL64,"[KBS명작다큐] 요리인류 ｜낙원의 향기, 스파이스 (2/2)",2020-06-18,26,73620,742,82
bKapM4gF1-0,KBS명작다큐｜요리인류 ｜빵과 서커스 (1/2) ｜Food Odyssey,2020-06-17,21,240303,3652,166
0gU89xot700,KBS명작다큐｜요리인류 ｜빵과 서커스 (2/2) Food Odyssey,2020-06-17,26,789513,6776,523
972iqeJAt_g,명견만리 ｜두 얼굴의 인공지능,2020-06-14,52,249461,3141,251
nynh-vTwsNo,[FULL] 최악의 바이러스는 아직 오지 않았다 ㅣ KBS 다큐 인사이트- 바이러스 전쟁 1부 - 바이러스 X  200610 방송,2020-06-11,53,597707,6157,721
jqo96jDwONY,"기체결함을 찾기 위해, 가장 위험한 비행을 해야 하는 ""테스트 파일럿""의 세계 #281시험비행대대 #사천공군기지｜전투기 밀착 다큐 시리즈 0탄 (KBS 160807)",2020-06-09,52,2208953,14560,711
PSFOzsEg7tc,나는 외과의사다 (2/2) #흉부외과 #간담췌외과 #슬기로운의사생활 #김준완 #이익준,2020-06-01,25,1376469,8587,949
TRiDflv-YTw,명견만리｜ 퍼스트 무버 - 재벌시대를 넘어 #스타트업,2020-06-01,53,156705,2828,200
5Zb3Z60Ffpg,#미니다큐｜ 우연하고 위대한 발견 _ 매장 문화재,2020-05-29,14,418300,2464,176
XxpMRF71Btg,[다큐3일] 다시 심장이 뛴다 - 대학병원 흉부외과 (fullVOD) #슬기로운의사생활 #김준완_현실ver,2020-05-28,53,6269112,44893,4400
iJx2NON2i2M,"[ENG SUB] 방탄소년단, 왜 좋아하시나요? BTS Another Story #bts #Army",2020-05-22,15,713864,15114,599
xduDiTohpR0,사랑이 뭐 길래 결혼인가? 돈인가? 어느 무당의 이야기 [제보자들] 20200520,2020-05-20,21,295434,1502,247
9xRoVMByvrA,[ENG SUB] [한국인의밥상] 숯쟁이들의 밥상 -뜨겁게 타오르다 #떡갈비 #불고기 #고등어구이 #삼겹살 (Full VOD),2020-05-15,51,2213885,10357,893
azPQ8SsuHKI,[한국인의밥상] 족발과 콩나물 - 독일 이민 밥상 (Full VOD),2020-05-06,51,986532,8785,906
CD-Y9o-xcoo,"밥으로 공덕을 쌓는 수행자, 공양주 - 지리산 화엄사 공양간을 지키는 마하연 보살의 자연을 담은 사찰 밥상 [한국인의 밥상] 20200430",2020-04-30,7,256209,2249,131
7NVOkjT6GxE,[KBS명작다큐] 누들로드 5편 ｜인류최초의 패스트푸드 #Noodle road 🍝,2020-04-26,58,221343,1917,187
k3tsHVvsXFg,69년 전통 명태회냉면＆코다리 부부의 짭짭한 인생 [김영철의 동네 한 바퀴] 20200425,2020-04-25,7,63786,562,51
lJTzSEBWU0Y,[KBS명작다큐] 누들로드 4편 ｜아시아의 부엌을 잇다 #Noodle road🍜,2020-04-20,57,272434,2203,138
s1xCTq2rKRA,[KBS명작다큐] 누들로드 3편 ｜파스타 오디세이 #noodle_road #pasta,2020-04-13,57,247719,2700,154
Z7Swc2nBVGw,[KBS명작다큐] 다르마 4편-  행복은 어디에 있는가,2020-04-12,57,297546,4382,267
vPIMXNFNa64,[KBS명작다큐] 다르마 3편 - 환생과 빅뱅 #야칭스 #라마,2020-04-05,58,442704,6130,431
WTJFKRxCWIk,"[ENG SUB] [KBS명작다큐] 누들로드 1편 ""기묘한 음식"" | #국수의 진화 #인류 식문화 대탐사 #noodle_road",2020-03-30,58,975124,8851,469
u4MjryAjcjc,[한국인의 밥상] [풀영상] 뜨거운 겨울을 품다 - 만두,2020-03-27,51,697769,4737,344
uAISuif6UBI,[KBS명작다큐] 다르마 1편 - 붓다의 유언,2020-03-22,57,602096,11137,829
C0mLsVN1N8s,[다큐3일] 어린이병동 전공의 72시간 - 냉정과 열정사이 | full VOD다시보기,2020-03-21,48,2552051,19397,1210
FEKnEkaSR-E,[KBS명작다큐] 제돌이의 꿈은 바다였습니다 1부_작별,2020-03-17,48,206558,2923,353
